Type,Month,Trader,Group,Asset,Amount,Units,Leverage,OpenRate,CloseRate,Spread,Return,PerReturn,OpenDate,OpenTime,CloseDate,CloseTime,TakeProfit,StopLoss ,Rollover,PositionID,CumuReturn,Sector,Time,Trend,Momentum,Volume,Rank,SectorReturn
Long,12,John,Forex,EUR/GBP,7500,1875,25,0.729,0.7357,1.12,1865,24.87,2015/12/21,12:28,2015/12/30,15:15,0.7495,0.7346,0.89,,-125.18, Staples,2016/02/19,0.77,0.72,0.77,3,0.015
Long,12,Mary,Forex,USD/CAD,164,41,25,1.383,1.3907,0.01,23,14.02,2015/12/29,21:04,2015/12/30,13:56,1.4113,1.3298,0,,-143.83, Staples,2016/02/13,0.54,0.56,0.59,4,0.009
Long,12,John,Commodity,Silver,6000,42.86,0.714333333,14.32,14.12,2.14,-857,-14.28,2015/12/22,09:18,2015/12/28,07:19,15.02,14.12,0.78,,-144.06, Staples,2016/02/06,0.64,0.51,0.56,5,-0.022
Short,12,John,Equity,HOG,7500,3.33,0.0444,45.1,45.95,0.27,-283,-3.77,2015/12/22, 16:12:00,2015/12/23,14:33,33.85,45.8,0.01,,-135.49, Staples,2016/01/29,0.74,0.51,0.69,2,0.030
Short,12,John,Equity,DPS,7500,1.61,0.021466667,93.56,92.94,0.13,100,1.33,2015/12/16,17:13,2015/12/22,14:32,70.31,92.7,0.06,,-132.66, Staples,2016/01/22,0.08,0.18,0.15,7,0.020
Long,12,John,Forex,GBP/USD,7500,1875,25,1.4894,1.4872,0.75,-413,-5.51,2015/12/22,09:33,2015/12/22,11:04,1.5094,1.4872,0,,-133.66, Staples,2016/01/15,0.05,0.26,0.08,2,-0.015
Short,12,Mary,Forex,EUR/GBP,164,41,25,0.7343,0.7328,0.02,9,5.49,2015/12/21,16:40,2015/12/22,00:30,0.7208,0.7611,0,,-129.53, Staples,2016/01/08,0.13,0.44,0.13,2,-0.029
Long,12,John,Forex,USD/CHF,6000,1500,25,0.9922,0.9902,0.45,-303,-5.05,2015/12/18,20:13,2015/12/21,16:39,1.0124,0.9902,-0.01,,-129.62, Staples,2015/12/31,0.54,0.85,0.46,3,0.023
Short,12,Jim,Forex,EUR/USD,126,63,50,1.085,1.0824,0.02,16,12.7,2015/12/18,05:17,2015/12/18,09:32,1.075,1.105,0,,-126.59, Staples,2015/12/18,0.54,0.85,0.46,3,-0.003
Short,12,Jim,Forex,EUR/USD,126,63,50,1.0847,1.0809,0.02,24,19.05,2015/12/17,12:44,2015/12/17,17:24,0.8,1.1418,0,,-126.75, Staples,2015/12/11,0.46,0.67,0.31,2,-0.004
Short,12,Mary,Forex,EUR/GBP,164,41,25,0.7286,0.7276,0.02,6,3.66,2015/12/17,15:48,2015/12/17,16:12,0.7152,0.7554,0,,-126.99,Discretionary,2016/02/19,0.83,0.57,0.61,5,0.042
Long,12,John,Forex,NZD/USD,6000,1500,25,0.6734,0.6713,0.75,-315,-5.25,2015/12/17,14:24,2015/12/17,14:44,0.6934,0.6713,0,,-127.05,Discretionary,2016/02/13,0.50,0.18,0.44,6,-0.005
Long,12,Mary,Forex,GBP/USD,164,41,25,1.4927,1.4931,0.02,2,1.22,2015/12/17,11:02,2015/12/17,14:20,1.496,1.4527,0,,-123.9,Discretionary,2016/02/06,0.71,0.38,0.49,6,-0.057
Short,12,Jim,Forex,EUR/USD,126,31.5,25,1.0847,1.0846,0.01,0,0,2015/12/17,11:03,2015/12/17,11:13,0.8,1.1047,0,,-123.92,Discretionary,2016/01/29,0.78,0.29,0.46,5,0.015
Short,12,Mary,Forex,GBP/USD,164,41,25,1.5028,1.4937,0.02,37,22.56,2015/12/16,08:25,2015/12/17,08:27,1.48,1.5428,0.01,,-123.92,Discretionary,2016/01/22,0.32,0.12,0.34,2,0.025
Short,12,John,Equity,FSLR,7000,10,0.142857143,14.43,14.31,0.8,120,1.71,2015/12/01,00:00,2015/12/16,19:53,4.43,14.31,0.15,,-124.29,Discretionary,2016/01/15,0.15,0.13,0.10,3,-0.029
Short,12,John,Forex,EUR/USD,5000,1250,25,1.093,1.0962,0.38,-400,-8,2015/12/16,17:53,2015/12/16,18:37,1.0729,1.0962,0,,-125.49,Discretionary,2016/01/08,0.13,0.16,0.13,4,-0.058
Short,12,Mary,Forex,Clos,164,16.4,10,1.5134,1.5061,0.01,12,7.32,2015/12/10,00:00,2015/12/15,17:34,1.4634,1.6134,0,,-121.49,Discretionary,2015/12/31,0.61,0.32,0.30,7,0.011
Long,12,John,Forex,EUR/USD,7500,1875,25,1.0984,1.0957,0.56,-506,-6.75,2015/12/14,14:00,2015/12/15,14:30,1.1185,1.0957,0.06,,-121.61,Discretionary,2015/12/18,0.61,0.32,0.30,7,-0.009
Short,12,John,Equity,FSLR,6000,2.22,0.037,53.62,55.65,0.18,-451,-7.52,2015/12/11,00:00,2015/12/11,15:50,40.12,55.6,0,,-116.55,Discretionary,2015/12/11,0.21,0.27,0.18,5,-0.004
Short,12,John,Equity,FSLR,6000,2.22,0.037,53.52,53.84,0.18,-71,-1.18,2015/12/11,00:00,2015/12/11,14:44,40.02,56.1,0,,-112.04,Energy,2016/02/19,0.73,0.41,0.34,8,0.028
Short,12,John,Equity,FSLR,6000,2.22,0.037,53.58,53.84,0.18,-58,-0.97,2015/12/11,00:00,2015/12/11,14:44,40.08,55.6,0,,-111.33,Energy,2016/02/13,0.57,0.25,0.34,5,-0.012
Short,12,John,Forex,USD/JPY,7500,1875,25,121.6,122,0.31,-615,-8.2,2015/12/10,00:00,2015/12/11,00:26,119.22,122,0,,-110.75,Energy,2016/02/06,0.91,0.43,0.66,4,-0.039
Short,12,John,Equity,DIS,5000,0.84,0.0168,120.41,110.98,0.11,792,15.84,2015/11/23,14:45,2015/12/10,17:58,90.9,117,0.75,,-104.6,Energy,2016/01/29,0.89,0.30,0.75,3,0.044
Long,12,John,Forex,NZD/USD,7500,750,10,0.6636,0.659,0.38,-345,-4.6,2015/12/09, 00:00:00,2015/12/09,20:00,0.7136,0.659,0,,-112.52,Energy,2016/01/22,0.32,0.11,0.14,3,0.026
Short,12,John,Equity,LVS,6000,2.67,0.0445,44.09,44.34,0.21,-67,-1.12,2015/12/03,00:00,2015/12/09,15:10,30,46.6,0.06,,-109.07,Energy,2016/01/15,0.18,0.02,0.11,4,-0.030
Short,12,John,Equity,VZ,7500,3.33,0.0444,45.64,45.74,0.27,-33,-0.44,2015/11/20,17:48,2015/12/07,14:47,34.39,47.2,0.2,,-108.4,Energy,2016/01/08,0.27,0.05,0.27,3,-0.071
Short,12,Mary,Forex,EUR/GBP,164,41,25,0.7229,0.7221,0.02,5,3.05,2015/12/04,00:00,2015/12/04,07:10,0.7097,0.7493,0,,-108.07,Energy,2015/12/31,0.77,0.07,0.36,8,0.026
Short,12,Mary,Forex,USD/CAD,164,41,25,1.3388,1.3359,0.01,9,5.49,2015/12/03,00:00,2015/12/03,19:02,1.31,1.3946,0,,-108.12,Energy,2015/12/18,0.77,0.07,0.36,8,-0.028
Short,12,Mary,Forex,EUR/GBP,164,41,25,0.71,0.7089,0.02,7,4.27,2015/12/02,00:00,2015/12/03,07:13,0.6966,0.7368,0,,-108.21,Energy,2015/12/11,0.09,0.05,0.11,9,0.002
Short,12,John,Equity,UNH,7500,1.29,0.0172,114.88,118.14,0.1,-422,-5.63,2015/11/06,00:00,2015/12/02,14:40,86.08,118,0.91,,-108.28,Financial,2016/02/19,0.85,0.24,0.54,7,0.024
Short,12,Mary,Forex,EUR/GBP,164,41,25,0.7048,0.7037,0.02,7,4.27,2015/12/01,00:00,2015/12/02,10:20,0.6916,0.7313,0,,-104.06,Financial,2016/02/13,0.43,0.10,0.22,8,-0.022
Short,12,Mary,Forex,EUR/USD,164,41,25,1.0633,1.0618,0.01,6,3.66,2015/12/01,00:00,2015/12/02,04:42,1.0433,1.1033,0,,-104.13,Financial,2016/02/06,0.77,0.14,0.41,8,-0.035
Short,11,John,Equity,CVX,7500,1.67,0.022266667,91.53,91.3,0.37,38,0.51,2015/11/24,14:55,2015/11/30,15:07,68.99,93.79,0.07,,-104.19,Financial,2016/01/29,0.62,0.08,0.42,8,0.021
Short,11,Mary,Forex,EUR/GBP,164,41,25,0.7044,0.7034,0.02,6,3.66,2015/11/30,08:25,2015/11/30,14:46,0.691,0.7034,0,,-104.57,Financial,2016/01/22,0.09,0.01,0.11,9,-0.007
Short,11,Mary,Forex,USD/CAD,164,41,25,1.3368,1.3358,0.01,3,1.83,2015/11/27,16:19,2015/11/30,14:11,1.3107,1.3925,0,,-104.63,Financial,2016/01/15,0.01,0.04,0.06,8,-0.031
Short,11,Jim,Forex,GBP/USD,108,54,50,1.521,1.5046,0.02,89,82.41,2015/11/11,00:00,2015/11/27,16:40,1.46,1.541,0.03,,-104.66,Financial,2016/01/08,0.04,0.15,0.03,7,-0.073
Short,11,Mary,Forex,EUR/GBP,164,41,25,0.7043,0.7034,0.02,6,3.66,2015/11/27,07:00,2015/11/27,08:34,0.6911,0.7308,0,,-105.55,Financial,2015/12/31,0.70,0.52,0.38,4,0.023
Short,11,Mary,Forex,EUR/GBP,164,41,25,0.7038,0.7031,0.02,4,2.44,2015/11/26,09:49,2015/11/26,12:40,0.6906,0.7303,0,,-105.61,Financial,2015/12/18,0.70,0.52,0.38,4,-0.006
Short,11,Mary,Forex,EUR/GBP,164,41,25,0.7037,0.7032,0.02,3,1.83,2015/11/24,08:24,2015/11/25,10:18,0.7,0.7032,0,,-105.65,Financial,2015/12/11,0.16,0.38,0.10,6,0.001
Short,11,Mary,Forex,EUR/GBP,164,41,25,0.7061,0.7056,0.02,3,1.83,2015/11/24,12:53,2015/11/25,09:18,0.7015,0.7325,0,,-105.68,HealthCare,2016/02/19,0.79,0.18,0.48,9,0.024
Short,11,Mary,Forex,USD/CAD,164,41,25,1.3347,1.3344,0.01,1,0.61,2015/11/20,17:19,2015/11/24,06:49,1.325,1.3903,0,,-105.71,HealthCare,2016/02/13,0.27,0.11,0.18,9,0.000
Short,11,John,Equity,ATVI,7500,4.17,0.0556,37,38.05,0.33,-438,-5.84,2015/11/20,15:08,2015/11/20,17:33,28,38.05,0,,-105.72,HealthCare,2016/02/06,0.32,0.18,0.21,9,-0.031
Short,11,Mary,Forex,EUR/GBP,164,41,25,0.7015,0.7009,0.03,4,2.44,2015/11/20,14:12,2015/11/20,14:51,0.6883,0.7277,0,,-101.34,HealthCare,2016/01/29,0.36,0.05,0.18,9,-0.020
Short,11,John,Equity,AAPL,5000,0.84,0.0168,120.95,118.21,0.07,230,4.6,2015/11/02,00:00,2015/11/19,15:31,90.95,118.2,0.59,,-101.38,HealthCare,2016/01/22,0.14,0.09,0.20,5,0.015
Short,11,Mary,Forex,EUR/GBP,164,41,25,0.7014,0.7005,0.03,6,3.66,2015/11/19,14:36,2015/11/19,14:55,0.6883,0.7275,0,,-103.68,HealthCare,2016/01/15,0.04,0.05,0.09,5,-0.017
Long,11,John,Bitcoin,Bitcoin,5000,0.3,0.006,335.87,327.55,0.67,-248,-4.96,2015/11/19,09:26,2015/11/19,12:56,419.87,322,0,,-103.74,HealthCare,2016/01/08,0.02,0.16,0.09,5,-0.056
Short,11,Mary,Forex,EUR/GBP,164,41,25,0.7017,0.701,0.03,4,2.44,2015/11/19,12:06,2015/11/19,12:51,0.6887,0.7279,0,,-101.26,HealthCare,2015/12/31,0.73,0.68,0.55,2,0.022
Short,11,Mary,Forex,EUR/GBP,164,41,25,0.7012,0.7002,0.03,6,3.66,2015/11/19,09:36,2015/11/19,10:21,0.6985,0.7274,0,,-101.3,HealthCare,2015/12/18,0.73,0.68,0.55,2,0.003
Long,11,John,Forex,AUD/USD,7500,1875,25,0.7064,0.7069,0.75,94,1.25,2015/11/11,00:00,2015/11/18,19:00,0.7264,0.7069,-0.21,,-101.36,HealthCare,2015/12/11,0.29,0.61,0.21,3,0.001
Short,11,Mary,Forex,USD/CAD,164,41,25,1.3346,1.3339,0.01,2,1.22,2015/11/18,13:47,2015/11/18,13:58,1.3086,1.3902,0,,-102.3,Industrials,2016/02/19,0.92,0.66,0.73,1,0.033
Short,11,Mary,Forex,EUR/JPY,164,41,25,131.66,131.57,0.01,3,1.83,2015/11/18,09:24,2015/11/18,11:24,131.4,136.59,0,,-102.32,Industrials,2016/02/13,0.77,0.47,0.59,3,-0.007
Short,11,Mary,Forex,EUR/GBP,164,41,25,0.7017,0.7011,0.02,4,2.44,2015/11/18,08:49,2015/11/18,09:48,0.7,0.728,0,,-102.35,Industrials,2016/02/06,0.83,0.55,0.66,3,0.001
Short,11,Mary,Forex,USD/CAD,164,41,25,1.3324,1.3314,0.01,3,1.83,2015/11/17,16:52,2015/11/18,08:01,1.32,1.3879,0,,-102.39,Industrials,2016/01/29,0.84,0.24,0.59,4,0.028
Short,11,Mary,Forex,USD/CAD,164,41,25,1.3326,1.3317,0.01,3,1.83,2015/11/17,16:18,2015/11/17,16:31,1.3064,1.3881,0,,-102.42,Industrials,2016/01/22,0.13,0.00,0.16,8,0.000
Short,11,Mary,Forex,USD/CAD,164,41,25,1.3323,1.3311,0.01,4,2.44,2015/11/17,15:18,2015/11/17,15:39,1.3064,1.3878,0,,-102.45,Industrials,2016/01/15,0.05,0.03,0.03,9,-0.022
Long,11,John,Forex,GBP/USD,7500,750,10,1.5204,1.5165,0.3,-293,-3.91,2015/11/16,22:24,2015/11/17,05:41,1.5704,1.5165,0,,-102.49,Industrials,2016/01/08,0.08,0.08,0.03,8,-0.062
Short,11,Mary,Forex,EUR/GBP,164,41,25,0.7072,0.7062,0.02,6,3.66,2015/11/16,07:56,2015/11/16,08:49,0.704,0.7334,0,,-99.56,Industrials,2015/12/31,0.75,0.45,0.33,5,0.025
Short,11,Mary,Forex,EUR/GBP,137,34.25,25,0.708,0.707,0.02,5,3.65,2015/11/12,00:00,2015/11/13,08:38,0.7065,0.7343,0,,-99.62,Industrials,2015/12/18,0.75,0.45,0.33,5,-0.017
Short,11,Mary,Forex,EUR/JPY,137,34.25,25,132.21,132.17,0.01,1,0.73,2015/11/12,00:00,2015/11/13,08:25,132,137.12,0,,-99.67,Industrials,2015/12/11,0.11,0.29,0.19,7,-0.007
Short,11,Mary,Forex,EUR/GBP,137,34.25,25,0.7097,0.7087,0.02,5,3.65,2015/11/12,00:00,2015/11/12,18:03,0.6964,0.7359,0,,-99.68,Materials,2016/02/19,0.90,0.68,0.71,2,0.020
Short,11,Mary,Forex,EUR/JPY,137,34.25,25,132.39,132.29,0.01,3,2.19,2015/11/12,00:00,2015/11/12,15:12,129.93,137.3,0,,-99.73,Materials,2016/02/13,0.81,0.35,0.68,2,-0.016
Short,11,Mary,Forex,EUR/JPY,137,34.25,25,132,131.91,0.01,3,2.19,2015/11/12,00:00,2015/11/12,14:08,129.53,136.92,0,,-99.76,Materials,2016/02/06,0.90,0.39,0.84,2,0.047
Short,11,Mary,Forex,EUR/JPY,137,34.25,25,132.13,131.89,0.01,7,5.11,2015/11/12,00:00,2015/11/12,08:32,131.6,137.05,0,,-99.79,Materials,2016/01/29,0.68,0.10,0.35,7,0.007
Long,11,Mary,Forex,USD/CAD,164,41,25,1.3256,1.327,0.01,4,2.44,2015/11/10,00:00,2015/11/10,21:31,1.3283,1.2746,0,,-99.86,Materials,2016/01/22,0.23,0.03,0.16,6,0.007
Short,11,Mary,Forex,EUR/USD,165,41.25,25,1.0769,1.0744,0.01,10,6.06,2015/11/09,00:00,2015/11/09,13:44,1.0569,1.1169,0,,-99.9,Materials,2016/01/15,0.00,0.03,0.13,6,-0.045
Short,11,John,Index,NDX,7500,0.16,0.002133333,4698.5,4714.5,0.48,-255,-3.4,2015/11/06,00:00,2015/11/09,01:41,4462.8,4714.09,0.11,,-100,Materials,2016/01/08,0.06,0.10,0.06,6,-0.077
Short,11,Mary,Forex,USD/CAD,165,41.25,25,1.33,1.3296,0.01,1,0.61,2015/11/06,00:00,2015/11/06,19:53,1.304,1.3854,0,,-97.45,Materials,2015/12/31,0.65,0.23,0.26,9,0.027
Short,11,Mary,Forex,USD/CAD,165,41.25,25,1.3169,1.3164,0.01,2,1.21,2015/11/06,00:00,2015/11/06,08:04,1.31,1.3718,0,,-97.46,Materials,2015/12/18,0.65,0.23,0.26,9,-0.038
Long,11,Mary,Forex,GBP/USD,165,41.25,25,1.5377,1.5387,0.02,4,2.42,2015/11/04,00:00,2015/11/04,20:38,1.5405,1.4978,0,,-97.48,Materials,2015/12/11,0.10,0.19,0.06,8,-0.003
Long,11,John,Forex,GBP/USD,7500,1875,25,1.5379,1.5359,0.75,-375,-5,2015/11/04,00:00,2015/11/04,18:54,1.5579,1.5359,0,,-97.52,Technology,2016/02/19,0.86,0.52,0.75,4,0.035
Long,11,Mary,Forex,GBP/USD,165,41.25,25,1.5372,1.5384,0.02,5,3.03,2015/11/04,00:00,2015/11/04,15:55,1.5572,1.4972,0,,-93.77,Technology,2016/02/13,0.44,0.15,0.31,7,-0.006
Long,11,John,Forex,AUD/USD,5000,1250,25,0.7146,0.714,0.5,-75,-1.5,2015/11/02,00:00,2015/11/04,15:50,0.7346,0.714,-0.02,,-93.82,Technology,2016/02/06,0.70,0.24,0.51,7,-0.042
Long,11,John,Forex,GBP/USD,7500,1875,25,1.5416,1.5405,0.75,-206,-2.75,2015/11/04,00:00,2015/11/04,11:10,1.5616,1.5405,0,,-93.07,Technology,2016/01/29,0.70,0.23,0.56,6,0.021
Short,11,John,Equity,CAR,5000,2.04,0.0408,49.83,51.52,0.16,-345,-6.9,2015/10/23,13:40,2015/11/02,22:06,37.57,51.35,0.08,,-91.01,Technology,2016/01/22,0.30,0.08,0.18,4,0.026
Short,11,John,Index,NDX,7500,0.16,0.002133333,4675,4706.5,0.48,-506,-6.75,2015/10/30,14:31,2015/11/02,20:30,4441.5,4706.13,0.06,,-87.56,Technology,2016/01/15,0.06,0.03,0.06,7,-0.019
Long,10,Mary,Forex,GBP/USD,123,30.75,25,1.5387,1.542,0.01,10,8.13,2015/10/23,12:28,2015/10/30,15:28,1.542,1.47,0,,-82.5,Technology,2016/01/08,0.01,0.00,0.01,9,-0.064
Long,10,Mary,Forex,GBP/USD,165,41.25,25,1.5359,1.538,0.02,9,5.45,2015/10/26,15:30,2015/10/30,14:37,1.54,1.47,0,,-82.6,Technology,2015/12/31,0.55,0.54,0.32,6,0.016
Short,10,John,Equity,AMZN,5000,0.16,0.0032,615.46,628.42,0.1,-213,-4.26,2015/10/28,15:12,2015/10/30,13:46,463,630.48,0.02,,-82.69,Technology,2015/12/18,0.55,0.54,0.32,6,-0.015
Long,10,John,Equity,DD,10000,4.26,0.0426,47.75,62.78,0.34,6396,63.96,2015/09/29,14:43,2015/10/29,15:03,70.69,62.79,1.84,,-80.56,Technology,2015/12/11,0.18,0.39,0.15,4,-0.004
Long,10,Mary,Forex,GBP/USD,164,41,25,1.5306,1.5323,0.02,7,4.27,2015/10/27,17:30,2015/10/28,15:00,1.534,1.5321,0,,-144.52,Utilities,2016/02/19,0.29,0.90,0.71,6,0.037
Short,10,John,Index,INDU,5000,0.03,0.0006,17605,17694,0.17,-253,-5.06,2015/10/27,09:58,2015/10/28,14:48,16724.05,17693.1,0,,-144.59,Utilities,2016/02/13,0.52,0.90,0.65,1,-0.043
Long,10,Mary,Forex,GBP/USD,165,41.25,25,1.5294,1.53,0.02,2,1.21,2015/10/27,14:15,2015/10/27,15:50,1.5493,1.4894,0,,-142.06,Utilities,2016/02/06,0.97,0.97,0.94,1,0.025
Long,10,Mary,Forex,GBP/USD,123,30.75,25,1.5358,1.5375,0.01,5,4.07,2015/10/23,13:23,2015/10/26,14:25,1.54,1.4958,0,,-142.08,Utilities,2016/01/29,0.94,0.94,0.90,1,0.037
Short,10,Jim,Forex,EUR/USD,456,114,25,1.1066,1.1046,0.03,23,5.04,2015/08/19,06:49,2015/10/23,12:42,1,1.1226,0,,-142.13,Utilities,2016/01/22,0.39,0.71,0.61,1,0.009
Long,10,Mary,Forex,USD/JPY,165,41.25,25,119.73,119.88,0.01,5,3.03,2015/10/22,05:12,2015/10/22,12:32,4010.9,115.13,0,,-142.36,Utilities,2016/01/15,0.42,0.84,0.42,1,0.007
Short,10,John,Index,NDX,5000,0.11,0.0022,4457,4479.5,0.34,-252,-5.04,2015/10/20,12:05,2015/10/22,14:05,111.15,4479.31,0.16,,-142.41,Utilities,2016/01/08,0.48,0.74,0.55,1,-0.004
Short,10,John,Forex,USD/JPY,5000,1250,25,120.04,120.4,0.21,-374,-7.48,2015/10/21,05:34,2015/10/22,13:43,0.6,120.4,0.11,,-139.89,Utilities,2015/12/31,0.94,0.84,0.81,1,0.018
Short,10,Jim,Forex,EUR/GBP,109,54.5,50,0.7321,0.7287,0.03,29,26.61,2015/10/20,06:01,2015/10/22,12:39,120,0.745,0,,-136.15,Utilities,2015/12/18,0.94,0.84,0.81,1,0.017
Long,10,Mary,Forex,USD/JPY,123,30.75,25,119.88,120,0.01,3,2.44,2015/10/13,05:17,2015/10/21,04:31,120,115.27,0,,-136.44,Utilities,2015/12/11,0.81,0.65,0.48,1,-0.007
Long,10,Mary,Forex,USD/JPY,123,30.75,25,119.5,119.62,0.01,3,2.44,2015/10/20,09:18,2015/10/20,10:37,119.75,114.9,0,,-136.47,,,,,,,
Long,10,Mary,Forex,USD/JPY,123,30.75,25,119.27,119.39,0.01,3,2.44,2015/10/19,06:03,2015/10/19,07:06,119.55,114.68,0,,-136.5,,,,,,,
Long,10,Mary,Forex,USD/JPY,123,30.75,25,119.39,119.51,0.01,3,2.44,2015/10/14,14:19,2015/10/16,15:20,119.5,114.8,0,,-136.53,,,,,,,
Long,10,Mary,Forex,USD/JPY,123,30.75,25,119.58,119.63,0.01,1,0.81,2015/10/14,08:38,2015/10/14,12:20,122.01,114.98,0,,-136.56,,,,,,,
Long,10,Mary,Forex,USD/JPY,123,30.75,25,119.57,119.67,0.01,3,2.44,2015/10/14,07:29,2015/10/14,08:04,122.01,114.97,0,,-136.57,,,,,,,
Long,10,Mary,Forex,USD/JPY,123,30.75,25,119.59,119.66,0.01,2,1.63,2015/10/14,05:29,2015/10/14,06:01,122.02,114.99,0,,-136.6,,,,,,,
Long,10,Mary,Forex,USD/JPY,123,30.75,25,119.67,119.75,0.01,2,1.63,2015/10/13,12:25,2015/10/13,13:41,3795.33,115.07,0,,-136.62,,,,,,,
Long,10,Mary,Forex,USD/JPY,123,30.75,25,119.66,119.74,0.01,2,1.63,2015/10/13,10:02,2015/10/13,10:26,122.11,115.06,0,,-136.64,,,,,,,
Long,10,Mary,Forex,USD/JPY,123,30.75,25,119.64,119.74,0.01,3,2.44,2015/10/13,09:14,2015/10/13,09:39,122.09,115.04,0,,-136.66,,,,,,,
Short,10,John,Index,NDX,7500,0.17,0.002266667,4380,4402.5,0.51,-385,-5.13,2015/10/13,14:10,2015/10/13,15:08,122.08,4401.93,0,,-136.69,,,,,,,
Long,10,Mary,Forex,USD/JPY,123,30.75,25,119.91,119.99,0.01,2,1.63,2015/10/12,00:00,2015/10/12,18:23,122.35,115.3,0,,-132.84,,,,,,,
Short,10,John,Commodity,Gold,10000,0.87,0.0087,1164,1166.94,0.78,-254,-2.54,2015/10/12,00:00,2015/10/12,13:27,1107.1,1174,0,,-132.86,,,,,,,
Long,10,Mary,Forex,USD/JPY,155,38.75,25,120.01,120.1,0.01,3,1.94,2015/10/07,00:00,2015/10/09,06:07,105,115.4,0,,-130.32,,,,,,,
Short,10,John,Forex,USD/JPY,10000,2500,25,119.92,120.23,0.42,-645,-6.45,2015/10/07,00:00,2015/10/09,08:48,120.1,120.23,0.28,,-130.35,,,,,,,
Long,10,Mary,Forex,USD/JPY,155,38.75,25,119.85,119.94,0.01,3,1.94,2015/10/08,00:00,2015/10/08,12:36,3682.35,114.5,0,,-123.9,,,,,,,
Short,10,John,Index,NDX,10000,0.23,0.0023,4326.5,4347.5,0.7,-489,-4.89,2015/10/07,00:00,2015/10/08,19:01,120,4347.46,0.25,,-123.93,,,,,,,
Long,10,Mary,Forex,USD/JPY,155,38.75,25,119.86,119.94,0.01,3,1.94,2015/10/07,00:00,2015/10/07,16:44,122.3,115.25,0,,-119.04,,,,,,,
Long,10,Mary,Forex,USD/CHF,103,25.75,25,0.9664,0.9672,0.01,2,1.94,2015/10/07,00:00,2015/10/07,12:30,0.9862,0.9292,0,,-119.07,,,,,,,
Long,10,Mary,Forex,USD/JPY,155,38.75,25,120.06,120.16,0.01,3,1.94,2015/10/07,00:00,2015/10/07,11:09,120.31,115.44,0,,-119.09,,,,,,,
Short,10,John,Index,NDX,7500,0.17,0.002266667,4317.5,4343.5,0.52,-451,-6.01,2015/10/06,00:00,2015/10/07,07:43,3743.63,4340,0.08,,-119.12,,,,,,,
Short,10,John,Index,INDU,6563,0.04,0.000609477,16853,16871,0.23,-70,-1.07,2015/10/06,00:00,2015/10/07,07:41,16013.55,16870,0.22,,-114.61,,,,,,,
Short,10,John,Index,FTSE,7500,0.08,0.001066667,6305,6347,0.12,-509,-6.79,2015/10/05,00:00,2015/10/07,06:18,5682.6,6346.46,0,,-113.91,,,,,,,
Long,10,Mary,Forex,GBP/USD,103,25.75,25,1.5164,1.517,0.01,2,1.94,2015/10/06,00:00,2015/10/06,09:11,120.14,1.4764,0,,-108.82,,,,,,,
Short,10,Mary,Forex,USD/JPY,103,25.75,25,120.22,120.2,0,0,0,2015/10/05,00:00,2015/10/06,15:33,14282.03,125.23,0,,-108.84,,,,,,,
Short,10,John,Index,INDU,6705,0.04,0.00059657,16779.5,16815,0.24,-142,-2.12,2015/10/06,00:00,2015/10/06,13:39,118.01,16862.53,0,,-108.84,,,,,,,
Short,10,Mary,Forex,USD/JPY,103,25.75,25,120.37,120.3,0,1,0.97,2015/10/06,00:00,2015/10/06,11:37,1.5174,125.39,0,,-107.42,,,,,,,
Long,10,Mary,Forex,USD/JPY,155,38.75,25,120.29,120.36,0.01,2,1.29,2015/09/28,08:00,2015/10/05,16:00,15826.8,115.67,0,,-107.43,,,,,,,
Short,10,John,Index,INDU,7500,0.05,0.000666667,16650,16762,0.27,-510,-6.8,2015/10/05,00:00,2015/10/05,18:21,4092.15,16759.59,0,,-107.45,,,,,,,
Short,10,John,Index,NDX,7500,0.18,0.0024,4305.5,4334.5,0.53,-510,-6.8,2015/10/05,00:00,2015/10/05,18:17,120.7,4333.95,0,,-102.35,,,,,,,
Short,10,John,Index,FTSE,7500,0.2,0.002666667,6288,6308.5,0.3,-618,-8.24,2015/10/05,00:00,2015/10/05,15:58,6162.55,6307.91,0,,-97.25,,,,,,,
Short,10,John,Commodity,Gold,7500,1.68,0.0224,1139.93,1138.39,1.52,259,3.45,2015/10/02,00:00,2015/10/05,12:37,1117.67,1142.5,0,,-91.07,,,,,,,
Short,10,John,Forex,USD/JPY,7500,3750,50,119.79,119.98,0.63,-594,-7.92,2015/10/02,00:00,2015/10/02,18:38,118.6,119.98,0,,-93.66,,,,,,,
Short,10,John,Forex,USD/JPY,7500,3750,50,120.22,120.42,0.62,-623,-8.31,2015/10/02,00:00,2015/10/02,12:27,106,120.41,0,,-87.72,,,,,,,
Short,10,John,Forex,USD/CAD,9619,2404.75,25,1.3234,1.3251,0.55,-309,-3.21,2015/10/02,00:00,2015/10/02,10:08,1.2974,1.325,0,,-81.49,,,,,,,
Short,10,John,Index,FTSE,10000,0.11,0.0011,6159,6158,0.16,16,0.16,2015/10/01,00:00,2015/10/02,09:24,5249.51,6158,0,,-78.4,,,,,,,
Short,10,John,Forex,EUR/USD,9500,9500,100,1.12,1.12,2.85,0,0,2015/10/01,00:00,2015/10/02,01:39,1.0884,1.12,0,,-78.56,,,,,,,
Long,10,Mary,Forex,USD/JPY,155,38.75,25,119.69,119.75,0.01,2,1.29,2015/10/01,00:00,2015/10/01,17:31,119.85,115.09,0,,-78.56,,,,,,,
Long,10,Mary,Forex,USD/JPY,155,38.75,25,119.67,119.78,0.01,4,2.58,2015/10/01,00:00,2015/10/01,14:16,119.81,115.07,0,,-78.58,,,,,,,
Long,10,Mary,Forex,USD/JPY,155,38.75,25,119.74,119.79,0.01,2,1.29,2015/10/01,00:00,2015/10/01,13:14,1.0567,115.13,0,,-78.62,,,,,,,
Long,10,Mary,Forex,USD/JPY,103,25.75,25,119.71,119.78,0,2,1.94,2015/10/01,00:00,2015/10/01,11:44,122.18,115.11,0,,-78.64,,,,,,,
Long,10,Mary,Forex,USD/JPY,103,25.75,25,120.07,120.15,0,2,1.94,2015/09/30,13:53,2015/10/01,02:15,122.14,115.45,0,,-78.66,,,,,,,
Short,10,John,Forex,EUR/USD,10000,2500,25,1.1167,1.1182,0.75,-375,-3.75,2015/10/01,00:00,2015/10/01,13:38,120.4,1.1183,0,,-78.68,,,,,,,
Long,9,Mary,Forex,USD/JPY,155,38.75,25,120.1,120.2,0.01,3,1.94,2015/09/28,13:35,2015/09/30,08:22,120.2,115.49,0,,-74.93,,,,,,,
Long,9,Mary,Forex,USD/JPY,103,25.75,25,119.94,120.02,0,2,1.94,2015/09/29,14:58,2015/09/30,07:10,120.05,115.33,0,,-74.96,,,,,,,
Long,9,Mary,Forex,USD/JPY,155,38.75,25,119.69,119.77,0.01,3,1.94,2015/09/29,18:53,2015/09/29,19:58,122.12,115.09,0,,-74.98,,,,,,,
Long,9,Mary,Forex,USD/JPY,103,25.75,25,119.66,119.77,0,2,1.94,2015/09/29,16:42,2015/09/29,17:19,122.11,115.07,0,,-75.01,,,,,,,
Long,9,Mary,Forex,USD/JPY,155,38.75,25,119.89,119.99,0.01,3,1.94,2015/09/29,13:18,2015/09/29,14:21,122.32,115.28,0,,-75.03,,,,,,,
Long,9,Mary,Forex,USD/JPY,103,25.75,25,119.88,119.94,0,1,0.97,2015/09/29,09:16,2015/09/29,10:30,122.32,115.27,0,,-75.06,,,,,,,
Long,9,Mary,Forex,USD/JPY,103,25.75,25,119.7,119.82,0,3,2.91,2015/09/29,07:44,2015/09/29,07:57,119.85,115.1,0,,-75.07,,,,,,,
Long,9,Mary,Forex,USD/JPY,103,25.75,25,119.67,119.74,0,2,1.94,2015/09/29,07:27,2015/09/29,07:32,122.11,115.07,0,,-75.1,,,,,,,
Long,9,Mary,Forex,USD/JPY,103,25.75,25,119.44,119.5,0,1,0.97,2015/09/29,06:08,2015/09/29,07:00,121.87,114.85,0,,-75.12,,,,,,,
Long,9,John,Forex,USD/JPY,7500,1875,25,119.52,119.28,0.31,-377,-5.03,2015/09/29,04:16,2015/09/29,06:31,121.96,119.28,0,,-75.13,,,,,,,
Long,9,Mary,Forex,USD/JPY,103,25.75,25,119.89,119.99,0,2,1.94,2015/09/28,14:08,2015/09/28,19:50,122.35,115.29,0,,-71.36,,,,,,,
Long,9,John,Index,INDU,7500,0.05,0.000666667,16199,16116,0.28,-381,-5.08,2015/09/28,13:42,2015/09/28,14:10,17014.52,16116.92,0,,-71.38,,,,,,,
Long,9,Mary,Forex,USD/JPY,155,38.75,25,120.05,120.1,0.01,2,1.29,2015/09/28,11:48,2015/09/28,12:06,122.48,115.43,0,,-67.57,,,,,,,
Long,9,Mary,Forex,USD/JPY,155,38.75,25,120.11,120.16,0.01,2,1.29,2015/09/28,09:26,2015/09/28,11:24,120.36,115.49,0,,-67.59,,,,,,,
Long,9,Mary,Forex,USD/CAD,103,25.75,25,1.3329,1.3337,0.01,2,1.94,2015/09/28,05:37,2015/09/28,08:08,1.3602,1.2816,0,,-67.61,,,,,,,
Long,9,Mary,Forex,USD/JPY,103,25.75,25,120.29,120.36,0,1,0.97,2015/09/28,06:51,2015/09/28,07:13,122.74,115.66,0,,-67.63,,,,,,,
Long,9,Mary,Forex,USD/CAD,103,25.75,25,1.3327,1.3337,0.01,2,1.94,2015/09/25,09:49,2015/09/25,10:19,1.3339,1.2817,0,,-67.64,,,,,,,
Long,9,Mary,Forex,USD/CAD,103,25.75,25,1.3326,1.3333,0.01,1,0.97,2015/09/25,05:41,2015/09/25,07:04,8258.24,1.2813,0,,-67.66,,,,,,,
Short,9,John,Index,DAX,9762,0.05,0.00051219,9626.8,9650,0.15,-117,-1.2,2015/09/24,09:06,2015/09/25,07:20,1.3598,9650,0,,-67.67,,,,,,,
Long,9,Mary,Forex,USD/JPY,155,38.75,25,119.96,120.08,0.01,4,2.58,2015/09/24,09:25,2015/09/24,20:59,120.08,115.35,0,,-66.5,,,,,,,
Long,9,Mary,Forex,USD/JPY,103,25.75,25,119.61,119.73,0,3,2.91,2015/09/24,10:50,2015/09/24,16:22,120.5,115.02,0,,-66.54,,,,,,,
Long,9,Mary,Forex,USD/JPY,103,25.75,25,119.42,119.53,0,2,1.94,2015/09/24,14:27,2015/09/24,15:59,119.6,114.84,0,,-66.57,,,,,,,
Long,9,Mary,Forex,USD/JPY,103,25.75,25,119.33,119.48,0,3,2.91,2015/09/24,13:48,2015/09/24,14:08,121.77,114.74,0,,-66.59,,,,,,,
Long,9,John,Index,DAX,10000,0.09,0.0009,9630.3,9582,0.31,-504,-5.04,2015/09/24,08:59,2015/09/24,09:11,1059.83,9582.3,0,,-66.62,,,,,,,
Long,9,Mary,Forex,USD/JPY,155,38.75,25,120,120.06,0.01,2,1.29,2015/09/24,08:47,2015/09/24,09:02,10110.29,115.38,0,,-61.58,,,,,,,
Long,9,John,Index,DAX,10000,0.09,0.0009,9653,9604.8,0.31,-502,-5.02,2015/09/24,08:38,2015/09/24,08:45,122.44,9604.99,0,,-61.6,,,,,,,
Long,9,Mary,Forex,USD/JPY,155,38.75,25,120.02,120.09,0.01,2,1.29,2015/09/24,05:29,2015/09/24,08:13,10133.08,115.4,0,,-56.58,,,,,,,
Short,9,John,Commodity,Gold,7500,0.66,0.0088,1135.1,1140.05,0.6,-329,-4.39,2015/09/24,08:28,2015/09/24,13:01,4074.75,1140,0,,-56.6,,,,,,,
Short,9,John,Index,NDX,10000,0.23,0.0023,4289.2,4284.8,0.7,103,1.03,2015/09/23,12:35,2015/09/24,08:16,122.46,4303,0.25,,-53.31,,,,,,,
Long,9,John,Index,DAX,10000,0.09,0.0009,9677.3,9626,0.31,-534,-5.34,2015/09/23,11:22,2015/09/23,11:37,10157.03,9627.98,0,,-54.34,,,,,,,
Long,9,John,Index,DAX,10000,0.09,0.0009,9516.5,9627.3,0.31,1154,11.54,2015/09/23,06:09,2015/09/23,10:53,15555.8,9526.13,0,,-49,,,,,,,
Long,9,Mary,Forex,USD/JPY,103,25.75,25,120.24,120.29,0,1,0.97,2015/09/22,07:08,2015/09/23,08:14,9143.9,115.62,0,,-60.54,,,,,,,
Long,9,John,Forex,GBP/USD,10000,2500,25,1.5356,1.5336,1,-500,-5,2015/09/22,23:39,2015/09/23,06:04,10479.99,1.5334,0,,-60.55,,,,,,,
Long,9,Mary,Forex,USD/JPY,103,25.75,25,119.72,119.81,0,2,1.94,2015/09/23,05:18,2015/09/23,05:54,120.4,115.12,0,,-55.55,,,,,,,
Long,9,John,Index,INDU,10000,0.06,0.0006,16244,16191.5,0.37,-322,-3.22,2015/09/23,01:47,2015/09/23,01:58,1.5556,16200,0,,-55.57,,,,,,,
Short,9,John,Index,INDU,10000,0.06,0.0006,16372.5,16403,0.37,-187,-1.87,2015/09/23,10:58,2015/09/23,11:03,122.16,16420.44,0,,-52.35,,,,,,,
Short,9,John,Index,DAX,10000,0.09,0.0009,9630,9654.8,0.31,-258,-2.58,2015/09/23,10:54,2015/09/23,11:00,17059.7,9654.61,0,,-50.48,,,,,,,
Long,9,John,Index,DAX,10000,0.09,0.0009,9913.3,9877,0.3,-363,-3.63,2015/09/21,16:42,2015/09/22,07:45,1.324,9883.37,0.09,,-47.9,,,,,,,
Long,9,John,Forex,EUR/USD,10000,2500,25,1.1189,1.1177,0.75,-300,-3,2015/09/21,15:26,2015/09/22,06:03,1.3015,1.1178,0.08,,-44.27,,,,,,,
Short,9,Mary,Forex,USD/CAD,103,25.75,25,1.327,1.3264,0.01,1,0.97,2015/09/22,12:21,2015/09/22,13:47,11047,1.3823,0,,-41.27,,,,,,,
Short,9,John,Forex,USD/CAD,10000,2500,25,1.3274,1.328,0.56,-113,-1.13,2015/09/22,11:23,2015/09/22,12:28,1.1317,1.3312,0,,-41.28,,,,,,,
Short,9,John,Index,NDX,9631,0.22,0.00228429,4331.4,4354.1,0.67,-505,-5.24,2015/09/21,19:57,2015/09/21,20:12,4115.03,4353.75,0,,-40.15,,,,,,,
Short,9,John,Index,NDX,10000,0.23,0.0023,4445.3,4367.9,0.68,1764,17.64,2015/09/17,18:48,2015/09/21,15:07,4006.3,4410,0.16,,-35.1,,,,,,,
Long,9,Mary,Forex,GBP/USD,209,52.25,25,1.5637,1.5647,0.02,5,2.39,2015/08/26,10:24,2015/09/18,09:04,1.5671,1.5304,0,,-52.74,,,,,,,
Long,9,Mary,Forex,GBP/USD,174,43.5,25,1.5569,1.5591,0.02,10,5.75,2015/08/26,14:15,2015/09/17,18:02,4163.85,1.47,0,,-52.79,,,,,,,
Short,9,John,Index,NDX,10000,0.23,0.0023,4382.9,4414.6,0.68,-723,-7.23,2015/09/17,18:08,2015/09/17,18:39,1.65,4422.07,0,,-52.89,,,,,,,
Short,9,John,Index,NDX,10000,0.23,0.0023,4392.7,4414.4,0.68,-495,-4.95,2015/09/17,16:58,2015/09/17,18:00,3953.7,4414.34,0,,-45.66,,,,,,,
Short,9,John,Index,NDX,10000,0.23,0.0023,4384.7,4391.1,0.68,-146,-1.46,2015/09/17,11:24,2015/09/17,14:20,3946,4391,0,,-40.71,,,,,,,
Short,9,John,Index,INDU,10000,0.06,0.0006,16698.5,16748.5,0.36,-301,-3.01,2015/09/16,16:00,2015/09/16,19:22,15866.55,16747.89,0,,-39.25,,,,,,,
Short,9,John,Index,NDX,10000,0.23,0.0023,4355.3,4371.4,0.69,-369,-3.69,2015/09/16,09:51,2015/09/16,15:24,4137.25,4381,0,,-36.24,,,,,,,
Short,9,John,Index,INDU,10000,0.06,0.0006,16673.2,16501,0.36,1046,10.46,2015/09/09,00:00,2015/09/15,14:34,15370,16500,0,,-32.55,,,,,,,
Short,9,John,Forex,USD/JPY,10000,2500,25,120.74,120.61,0.41,270,2.7,2015/09/11,00:00,2015/09/15,00:52,116.3,120.6,0.14,,-43.01,,,,,,,
Short,9,John,Commodity,Oil,10000,11.36,0.1136,43.87,44.11,1.14,-273,-2.73,2015/09/14,16:56,2015/09/14,17:59,39.11,44.11,0,,-45.71,,,,,,,
Short,9,John,Forex,EUR/USD,10000,2500,25,1.1319,1.1342,0.75,-575,-5.75,2015/09/11,00:00,2015/09/11,15:49,1.1118,1.1342,0,,-42.98,,,,,,,
Long,9,Mary,Forex,USD/CAD,129,32.25,25,1.3215,1.3235,0.01,5,3.88,2015/09/10,00:00,2015/09/10,19:42,1.326,1.2707,0,,-37.23,,,,,,,
Long,9,Mary,Forex,USD/CAD,103,25.75,25,1.3199,1.3219,0.01,4,3.88,2015/09/10,00:00,2015/09/10,08:27,1.328,1.2692,0,,-37.28,,,,,,,
Long,9,John,Commodity,Oil,10000,22.22,0.2222,44.21,43.79,2.22,-933,-9.33,2015/09/09,00:00,2015/09/10,02:49,56.38,43.85,0,,-37.32,,,,,,,
Long,9,John,Commodity,Gold,10000,0.45,0.0045,1120.9,1118.8,0.4,-94,-0.94,2015/09/08,00:00,2015/09/09,12:00,0.7134,1119,0.04,,-27.99,,,,,,,
Long,9,Mary,Forex,USD/CAD,103,25.75,25,1.3184,1.3199,0.01,3,2.91,2015/09/09,00:00,2015/09/09,06:55,0.7125,1.3199,0,,-27.05,,,,,,,
Short,9,John,Forex,EUR/GBP,10000,2500,25,0.7264,0.7266,1.54,-77,-0.77,2015/09/09,00:00,2015/09/09,17:08,1344.5,0.7277,0,,-27.08,,,,,,,
Short,9,John,Forex,EUR/GBP,10000,2500,25,0.7255,0.7267,1.54,-461,-4.61,2015/09/09,00:00,2015/09/09,14:57,0.7132,0.7272,0,,-26.31,,,,,,,
Short,9,John,Forex,EUR/GBP,10000,2500,25,0.7262,0.7284,1.54,-845,-8.45,2015/09/09,00:00,2015/09/09,08:40,1.3453,0.729,0,,-21.7,,,,,,,
Long,9,John,Forex,AUD/USD,10000,1000,10,0.692,0.7023,0.4,1030,10.3,2015/09/07,00:00,2015/09/08,19:40,0.792,0.6938,-0.02,,-13.25,,,,,,,
Long,9,John,Forex,EUR/USD,10000,2500,25,1.1169,1.1154,0.75,-375,-3.75,2015/09/07,00:00,2015/09/08,00:00,14810.8,1.1154,0,,-23.55,,,,,,,
Short,9,John,Index,INDU,10000,0.06,0.0006,16429,16459,0.37,-185,-1.85,2015/09/08,00:00,2015/09/08,18:35,1.1369,16454,0,,-19.8,,,,,,,
Long,9,John,Commodity,Oil,5000,27.17,0.5434,46.69,46.46,2.72,-625,-12.5,2015/09/04,00:00,2015/09/04,12:45,47.54,46.46,0,,-17.95,,,,,,,
Long,9,John,Commodity,Gold,10000,0.89,0.0089,1125.9,1123.4,0.8,-222,-2.22,2015/09/03,00:00,2015/09/04,10:08,15628.85,1121.9,0,,-11.7,,,,,,,
Short,9,John,Index,INDU,10000,0.06,0.0006,16447,16247,0.37,1223,12.23,2015/09/03,00:00,2015/09/04,12:31,1067.99,16245,0,,-9.48,,,,,,,
Short,9,John,Commodity,Gold,10000,0.89,0.0089,1124.2,1129.3,0.8,-454,-4.54,2015/09/04,00:00,2015/09/04,12:30,1182.37,1127.5,0,,-21.71,,,,,,,
Short,9,John,Commodity,Oil,10000,10.87,0.1087,47.54,46.5,1.09,1130,11.3,2015/09/03,00:00,2015/09/04,08:29,38,46.5,0,,-17.17,,,,,,,
Long,9,Mary,Forex,USD/CAD,209,52.25,25,1.3195,1.321,0.01,6,2.87,2015/09/03,00:00,2015/09/03,17:14,1.3231,1.2688,0,,-28.47,,,,,,,
Long,9,Mary,Forex,USD/CAD,139,34.75,25,1.3173,1.3183,0.01,3,2.16,2015/09/03,00:00,2015/09/03,15:17,1.328,1.2666,0,,-28.53,,,,,,,
Long,9,John,Forex,GBP/USD,10000,1000,10,1.5304,1.5223,0.4,-810,-8.1,2015/09/02,00:00,2015/09/03,08:30,1.6304,1.5253,0,,-28.56,,,,,,,
Long,9,John,Forex,EUR/CAD,10000,2500,25,1.4937,1.4921,1.32,-301,-3.01,2015/09/02,00:00,2015/09/02,15:18,15476.9,1.49,0,,-20.46,,,,,,,
Long,9,John,Index,INDU,10000,0.06,0.0006,16088.5,16282,0.36,1173,11.73,2015/09/01,00:00,2015/09/02,13:30,1.5202,16128,0,,-17.45,,,,,,,
Short,9,John,Index,INDU,10000,0.06,0.0006,16278,16362,0.37,-522,-5.22,2015/09/02,00:00,2015/09/02,20:02,1.4767,16361.41,0,,-29.18,,,,,,,
Short,9,John,Forex,EUR/CAD,10000,1000,10,1.494,1.4935,0.53,38,0.38,2015/09/02,00:00,2015/09/02,14:20,17355,1.4935,0,,-23.96,,,,,,,
Short,9,John,Index,DAX,10000,0.04,0.0004,10005.8,10041.8,0.15,-177,-1.77,2015/09/01,00:00,2015/09/02,06:00,7091.01,10003.77,0,,-24.34,,,,,,,
Long,9,John,Index,DAX,10000,0.09,0.0009,9952,9950.3,0.29,-17,-0.17,2015/09/01,00:00,2015/09/01,14:52,10972.99,9940,0,,-22.57,,,,,,,
Long,9,John,Forex,EUR/USD,10000,2500,25,1.1236,1.1241,0.75,125,1.25,2015/09/01,00:00,2015/09/01,14:29,1.1636,1.1236,0,,-22.4,,,,,,,
Long,9,John,Commodity,Oil,10000,4.17,0.0417,48.19,47.02,0.42,-488,-4.88,2015/09/01,00:00,2015/09/01,12:50,60.2,46.8,0,,-23.65,,,,,,,
Long,9,John,Forex,AUD/USD,10000,2500,25,0.7055,0.7035,1,-500,-5,2015/09/01,00:00,2015/09/01,12:15,0.7255,0.7035,0,,-18.77,,,,,,,
Long,9,John,Commodity,Gold,10000,0.88,0.0088,1143.4,1138.7,0.79,-414,-4.14,2015/09/01,00:00,2015/09/01,12:01,1200.1,1139,0,,-13.77,,,,,,,
Long,9,John,Forex,GBP/USD,10000,2500,25,1.5373,1.5318,1,-1375,-13.75,2015/08/31,14:48,2015/09/01,08:32,1.5573,1.532,0,,-9.63,,,,,,,
Short,9,John,Index,FTSE,10000,0.26,0.0026,6240,6115.3,0.4,5018,50.18,2015/08/28,18:46,2015/09/01,06:05,6115.45,6250,0,,4.12,,,,,,,
Long,8,John,Forex,GBP/USD,10000,2500,25,1.5418,1.5396,1,-550,-5.5,2015/08/31,09:11,2015/08/31,09:53,1.5618,1.5396,0,,-46.06,,,,,,,
Long,8,John,Forex,AUD/USD,10000,1000,10,0.714,0.7123,0.4,-170,-1.7,2015/08/28,11:02,2015/08/28,15:58,4224.2,0.707,0,,-40.56,,,,,,,
Short,8,John,Index,NDX,5000,0.29,0.0058,4309.2,4328.6,0.87,-560,-11.2,2015/08/28,16:05,2015/08/28,19:52,0.764,4328.12,0,,-38.86,,,,,,,
Short,8,John,Index,NDX,7500,0.17,0.002266667,4320.9,4330.1,0.52,-159,-2.12,2015/08/28,13:59,2015/08/28,15:17,4104.5,4330,0,,-33.26,,,,,,,
Short,8,John,Index,NDX,10000,0.12,0.0012,4327.9,4325.2,0.36,32,0.32,2015/08/27,20:42,2015/08/28,13:35,3906.2,4340,0.04,,-31.67,,,,,,,
Short,8,John,Forex,EUR/GBP,5000,1250,25,0.7353,0.7336,0.79,335,6.7,2015/08/24,20:22,2015/08/25,05:39,0.7226,0.739,0,,-31.99,,,,,,,
Long,8,John,Equity,TWTR,1000,0.21,0.021,47.12,24.96,0.02,-470,-47,2015/03/12,00:00,2015/08/24,14:19,1841,0.01,0,,-35.34,,,,,,,
Long,8,John,Index,SPX,10000,0.51,0.0051,1921,1910.1,0.51,-553,-5.53,2015/08/24,03:12,2015/08/24,11:44,0.7003,1912,0,,-30.64,,,,,,,
Long,8,Mary,Forex,GBP/USD,209,52.25,25,1.5638,1.5658,0.02,10,4.78,2015/08/24,06:41,2015/08/24,07:15,0,1.5238,0,,-25.11,,,,,,,
Short,8,John,Index,SPX,10000,0.51,0.0051,1923.3,1923.1,0.51,10,0.1,2015/08/24,14:59,2015/08/24,15:44,1841,1923,0,,-25.21,,,,,,,
Short,8,John,Forex,AUD/USD,10000,2500,25,0.7204,0.725,1,-1150,-11.5,2015/08/24,14:16,2015/08/24,14:28,0.7107,0.725,0,,-25.31,,,,,,,
Short,8,John,Index,SPX,10000,0.51,0.0051,1906.7,1917.1,0.51,-527,-5.27,2015/08/24,14:13,2015/08/24,14:16,2074,1917,0,,-13.81,,,,,,,
Short,8,John,Forex,AUD/USD,10000,2500,25,0.7355,0.7105,1,6250,62.5,2015/08/21,11:04,2015/08/24,13:12,1.5838,0.7291,0.25,,-8.54,,,,,,,
Short,8,John,Index,SPX,10000,0.48,0.0048,2084.8,1931.8,0.48,7300,73,2015/08/19,19:52,2015/08/24,02:47,1932,1987,0.17,,-71.04,,,,,,,
Long,8,John,Index,NDX,10000,0.23,0.0023,4260.9,4217.1,0.69,-1004,-10.04,2015/08/21,18:43,2015/08/21,19:15,4479.1,4217.38,0,,-144.04,,,,,,,
Long,8,Mary,Forex,GBP/USD,139,34.75,25,1.5646,1.5656,0.01,3,2.16,2015/08/20,08:37,2015/08/20,10:40,1.5666,1.5246,0,,-134,,,,,,,
Long,8,John,Forex,GBP/JPY,10000,2500,25,193.73,193.47,1.21,-525,-5.25,2015/08/20,08:45,2015/08/20,08:51,196.22,193.47,0,,-134.03,,,,,,,
Long,8,John,Index,SPX,10000,1.19,0.0119,2085.8,2084.3,1.19,-179,-1.79,2015/08/19,19:50,2015/08/19,19:51,2127.72,2069.05,0,,-128.78,,,,,,,
Long,8,John,Index,SPX,10000,0.48,0.0048,2086.8,2079.1,0.48,-367,-3.67,2015/08/19,13:30,2015/08/19,14:42,2192.1,2065.98,0,,-126.99,,,,,,,
Long,8,John,Forex,GBP/JPY,10000,2500,25,194.83,194.48,1.21,-704,-7.04,2015/08/19,12:52,2015/08/19,14:25,197.32,194.4,0,,-123.32,,,,,,,
Long,8,John,Forex,EUR/GBP,10000,1000,10,0.704,0.704,0.63,0,0,2015/08/18,13:51,2015/08/19,12:44,0.736,0.7008,0.05,,-116.28,,,,,,,
Long,8,Mary,Forex,GBP/USD,139,34.75,25,1.5658,1.5675,0.01,6,4.32,2015/08/18,15:48,2015/08/19,07:08,1.568,1.5259,0,,-116.28,,,,,,,
Long,8,John,Index,DAX,10000,0.04,0.0004,10858.8,10763.5,0.14,-429,-4.29,2015/08/17,13:22,2015/08/19,06:01,13077.21,10800,0.08,,-116.34,,,,,,,
Long,8,Mary,Forex,GBP/USD,139,34.75,25,1.558,1.5589,0.01,3,2.16,2015/08/18,06:20,2015/08/18,08:09,1,1.518,0,,-112.05,,,,,,,
Short,8,Jim,Forex,EUR/USD,456,114,25,1.1075,1.1062,0.03,15,3.29,2015/08/18,10:07,2015/08/18,10:47,1,1.1476,0,,-112.08,,,,,,,
Short,8,Jim,Forex,EUR/USD,456,114,25,1.1085,1.1071,0.03,16,3.51,2015/08/18,08:09,2015/08/18,08:36,1.56,1.1485,0,,-112.23,,,,,,,
Short,8,Jim,Forex,EUR/USD,456,114,25,1.1085,1.1079,0.03,7,1.54,2015/08/17,08:31,2015/08/18,07:50,1,1.1165,0,,-112.39,,,,,,,
Short,8,John,Commodity,Gold,10000,0.89,0.0089,1115.16,1119.8,0.8,-413,-4.13,2015/08/13,15:23,2015/08/17,12:30,1059.01,1122,0,,-112.46,,,,,,,
Short,8,John,Forex,EUR/USD,5000,2500,50,1.1102,1.1115,0.75,-325,-6.5,2015/08/17,09:02,2015/08/17,09:06,1.1002,1.1116,0,,-108.33,,,,,,,
Short,8,Jim,Forex,EUR/USD,456,114,25,1.1097,1.1073,0.03,27,5.92,2015/08/17,05:32,2015/08/17,07:19,1,1.1497,0,,-105.08,,,,,,,
Short,8,John,Index,NDX,10000,0.22,0.0022,4549.5,4549.3,0.66,4,0.04,2015/08/13,08:02,2015/08/17,07:01,4322.9,4549,0.24,,-105.35,,,,,,,
Short,8,John,Forex,GBP/USD,10000,2500,25,1.5638,1.5679,1,-1025,-10.25,2015/08/14,16:32,2015/08/17,06:28,1.5439,1.5679,0.15,,-105.39,,,,,,,
Long,8,John,Forex,GBP/USD,10000,2500,25,1.564,1.5601,1,-975,-9.75,2015/08/14,14:52,2015/08/14,15:02,1,1.557,0,,-95.14,,,,,,,
Short,8,Jim,Forex,EUR/USD,456,114,25,1.1133,1.1109,0.03,27,5.92,2015/08/13,15:16,2015/08/14,19:58,1.584,1.1373,0,,-85.39,,,,,,,
Short,8,John,Index,INDU,10000,0.06,0.0006,17443.5,17457.5,0.34,-80,-0.8,2015/08/14,14:09,2015/08/14,14:25,16571.8,17470,0,,-85.66,,,,,,,
Short,8,John,Forex,EUR/USD,10000,2500,25,1.1147,1.1172,0.75,-625,-6.25,2015/08/14,09:44,2015/08/14,11:55,1.0948,1.122,0,,-84.86,,,,,,,
Short,8,John,Index,INDU,10000,0.14,0.0014,17450,17445,0.86,72,0.72,2015/08/13,10:11,2015/08/13,16:06,15080,17445,0,,-78.61,,,,,,,
Long,8,John,Index,INDU,10000,0.06,0.0006,17140,17157,0.34,98,0.98,2015/08/12,00:00,2015/08/12,15:53,18010.4,16980,0,,-79.33,,,,,,,
Long,8,John,Commodity,Gold,10000,0.45,0.0045,1108.54,1115.47,0.41,314,3.14,2015/08/11,00:00,2015/08/12,13:17,0.71,1098,0.05,,-80.31,,,,,,,
Long,8,John,Index,DAX,10000,0.08,0.0008,11302,11163,0.26,-1205,-12.05,2015/08/11,00:00,2015/08/12,06:01,1218.95,11245.06,0.08,,-83.45,,,,,,,
Short,8,John,Forex,EUR/GBP,10000,1000,10,0.7147,0.7155,0.62,-125,-1.25,2015/08/12,00:00,2015/08/12,13:28,0.6825,0.7155,0,,-71.4,,,,,,,
Short,8,John,Forex,AUD/USD,10000,1000,10,0.7325,0.7315,0.4,100,1,2015/08/11,00:00,2015/08/12,10:08,11882.39,0.733,0.1,,-70.15,,,,,,,
Long,8,John,Index,NDX,10000,0.22,0.0022,4515.5,4492.5,0.65,-502,-5.02,2015/08/11,00:00,2015/08/11,17:22,4744.55,4492.6,0,,-71.15,,,,,,,
Long,8,John,Forex,AUD/USD,15000,1500,10,0.7373,0.733,0.6,-645,-4.3,2015/08/07,00:00,2015/08/11,02:20,0.7873,0.733,-0.04,,-66.13,,,,,,,
Long,8,John,Forex,EUR/GBP,15000,1500,10,0.7088,0.706,0.93,-650,-4.33,2015/08/10,00:00,2015/08/10,11:11,17025,0.706,0,,-59.68,,,,,,,
Short,8,John,Index,INDU,10000,0.14,0.0014,17743,17600,0.84,2014,20.14,2015/07/31,12:53,2015/08/10,15:05,0.7413,17600,3.52,,-53.18,,,,,,,
Short,8,John,Forex,EUR/GBP,15000,1500,10,0.7034,0.7055,0.93,-488,-3.25,2015/08/06,00:00,2015/08/07,07:20,0.6714,0.7055,0,,-73.32,,,,,,,
Short,8,John,Commodity,Gold,5000,0.46,0.0092,1084.53,1097.19,0.42,-584,-11.68,2015/08/06,00:00,2015/08/07,06:59,1064,1097,0,,-68.44,,,,,,,
Short,8,John,Index,FTSE,7500,0.18,0.0024,6681,6720,0.85,-1095,-14.6,2015/07/31,13:01,2015/08/05,10:41,6547.01,6720,0,,-62.6,,,,,,,
Short,8,John,Index,DAX,7500,0.15,0.002,11263,11370,0.51,-1789,-23.85,2015/07/31,13:01,2015/08/03,07:55,11039.32,11370,0,,-51.65,,,,,,,
Long,8,John,Commodity,Oil,5000,10.42,0.2084,47.67,46.49,1.04,-1229,-24.58,2015/07/31,10:57,2015/08/02,22:00,50.07,46.71,0,,-33.76,,,,,,,
Short,7,John,Index,NDX,5000,0.11,0.0022,4633.5,4610.5,0.32,249,4.98,2015/07/23,08:07,2015/07/31,12:40,4345,4630,0.38,,-21.47,,,,,,,
Short,7,John,Index,NDX,5000,0.11,0.0022,4641.5,4610.5,0.32,334,6.68,2015/07/24,08:07,2015/07/31,12:40,4345,4630,0.33,,-23.96,,,,,,,
Short,7,John,Index,SPX,10000,1.19,0.0119,2109.15,2110.15,1.19,-119,-1.19,2015/07/29,18:49,2015/07/31,12:32,2067.58,2140,0.24,,-27.3,,,,,,,
Short,7,John,Forex,USD/JPY,10000,2500,25,124.36,124.05,0.4,625,6.25,2015/07/30,16:55,2015/07/31,05:48,121.92,124.65,0.07,,-26.11,,,,,,,
Long,7,John,Forex,GBP/USD,3000,750,25,1.5615,1.561,0.3,-38,-1.27,2015/07/29,08:41,2015/07/29,16:18,0.698,1.561,0,,-32.36,,,,,,,
Short,7,John,Forex,EUR/GBP,10000,2500,25,0.7078,0.7078,1.56,0,0,2015/07/29,08:54,2015/07/29,18:00,1.5815,0.7077,0,,-31.98,,,,,,,
Short,7,John,Forex,EUR/USD,5000,1250,25,1.1056,1.1078,0.38,-275,-5.5,2015/07/28,09:58,2015/07/29,01:13,1.0958,1.1078,0,,-31.98,,,,,,,
Long,7,John,Commodity,Silver,5000,17.86,0.3572,14.92,14.77,0.89,-268,-5.36,2015/07/23,10:31,2015/07/23,14:04,16.32,14.52,0,,-29.23,,,,,,,
Short,7,John,Index,SPX,5000,0.24,0.0048,2127.85,2113.65,0.24,334,6.68,2015/07/20,20:49,2015/07/22,13:33,2021.6,2116,0.07,,-26.55,,,,,,,
Short,7,John,Equity,CHKP,5000,1.27,0.0254,80.1,86.32,0.1,-787,-15.74,2015/07/14,15:05,2015/07/22,13:30,60.35,83.7,0.07,,-29.89,,,,,,,
Short,7,John,Commodity,Oil,5000,25,0.5,50.08,50.38,2.5,-750,-15,2015/07/22,07:43,2015/07/22,13:08,49.06,50.45,0,,-22.02,,,,,,,
Long,7,John,Forex,GBP/USD,5000,1250,25,1.5578,1.5556,0.5,-275,-5.5,2015/07/21,08:45,2015/07/21,09:52,45.2,1.5545,0,,-14.52,,,,,,,
Short,7,John,Commodity,Oil,5000,25,0.5,50.49,50.86,2.5,-925,-18.5,2015/07/20,16:48,2015/07/21,13:16,1.5777,50.85,0,,-11.77,,,,,,,
Short,7,John,Commodity,Gold,5000,0.43,0.0086,1154.54,1095.85,0.39,2541,50.82,2015/07/15,07:17,2015/07/20,01:35,1096.79,1135.5,0,,-2.52,,,,,,,
Short,7,John,Index,SPX,5000,0.24,0.0048,2098.85,2101.35,0.24,-60,-1.2,2015/07/14,08:05,2015/07/14,13:37,1993.65,2104,0,,-27.93,,,,,,,
Short,7,John,Commodity,Gold,5000,0.43,0.0086,1153.59,1158.9,0.39,-229,-4.58,2015/07/14,08:17,2015/07/14,12:31,1095.74,1160,0,,-27.33,,,,,,,
Long,7,John,Index,SPX,10000,1.2,0.012,2085.35,2093.35,1.2,963,9.63,2015/07/13,08:31,2015/07/13,16:45,2071.83,2086.5,0,,-25.04,,,,,,,
Long,7,John,Forex,GBP/USD,10000,1000,10,1.5523,1.5529,0.4,60,0.6,2015/07/13,08:57,2015/07/13,14:59,2124,1.5515,0,,-34.67,,,,,,,
Long,7,John,Forex,AUD/CAD,10000,1000,10,0.9433,0.9439,0.32,47,0.47,2015/07/12,00:00,2015/07/13,11:25,0.6995,0.9395,0,,-35.27,,,,,,,
Short,7,John,Index,SPX,10000,1.2,0.012,2093.35,2098.85,1.2,-662,-6.62,2015/07/13,16:47,2015/07/13,18:57,1.6022,2100,0,,-35.74,,,,,,,
Short,7,John,Forex,EUR/GBP,10000,2500,25,0.7107,0.711,1.55,-116,-1.16,2015/07/13,13:55,2015/07/13,16:16,1.0068,0.7118,0,,-29.12,,,,,,,
Short,7,John,Index,SPX,10000,0.48,0.0048,2076.15,2082.35,0.48,-299,-2.99,2015/07/13,03:08,2015/07/13,07:18,1972.2,2090,0,,-27.96,,,,,,,
Long,7,John,Forex,USD/CHF,5000,500,10,0.942,0.938,0.16,-213,-4.26,2015/07/10,00:00,2015/07/10,08:18,1104.92,0.938,0,,-24.97,,,,,,,
Short,7,John,Commodity,Gold,10000,0.86,0.0086,1162.76,1164.01,0.78,-108,-1.08,2015/07/10,00:00,2015/07/10,16:08,0.9915,1165,0,,-22.84,,,,,,,
Short,7,John,Index,SPX,5000,0.24,0.0048,2073.65,2073.35,0.24,7,0.14,2015/07/09,00:00,2015/07/10,03:52,1971.55,2073.24,0,,-21.76,,,,,,,
Short,7,John,Forex,EUR/GBP,5000,500,10,0.7169,0.7191,0.31,-169,-3.38,2015/07/08,00:00,2015/07/09,22:05,0.6843,0.719,0,,-21.83,,,,,,,
Long,7,John,Forex,USD/CHF,5000,500,10,0.9504,0.9466,0.16,-201,-4.02,2015/07/08,00:00,2015/07/08,15:58,1.0005,0.9465,0,,-20.14,,,,,,,
Long,7,John,Forex,USD/JPY,5000,500,10,122.77,122.62,0.08,-61,-1.22,2015/07/07,00:00,2015/07/07,09:25,5858.17,122.29,0,,-18.13,,,,,,,
Long,7,John,Forex,GBP/USD,5000,500,10,1.5556,1.556,0.2,20,0.4,2015/07/06,00:00,2015/07/07,06:37,122.03,1.556,0,,-17.52,,,,,,,
Short,7,John,Index,FTSE,5000,0.02,0.0004,6516,6512,0.11,15,0.3,2015/07/07,00:00,2015/07/07,18:41,129.24,6515,0,,-17.72,,,,,,,
Short,7,John,Forex,USD/JPY,5000,500,10,122.6,122.51,0.08,37,0.74,2015/07/07,00:00,2015/07/07,12:13,1.6056,123.09,0,,-17.87,,,,,,,
Long,7,John,Forex,AUD/USD,5000,250,5,0.7472,0.7473,0.1,3,0.06,2015/07/06,00:00,2015/07/06,23:59,0.8472,0.7473,0,,-18.24,,,,,,,
Long,7,John,Index,TV,10000,5.56,0.0556,36.94,38.64,0.44,944,9.44,2015/05/20,14:07,2015/07/06,16:55,45.94,35.99,1.34,,-18.27,,,,,,,
Long,7,John,Equity,GE,10000,3.7,0.037,27.5,26.38,0.3,-415,-4.15,2015/06/11,00:00,2015/07/06,16:06,41,25.9,-0.72,,-27.71,,,,,,,
Short,7,John,Index,NDX,3000,0.07,0.002333333,4413.5,4436.5,0.2,-156,-5.2,2015/07/06,00:00,2015/07/06,14:43,4192.45,4435.6,0,,-23.56,,,,,,,
Long,7,John,Forex,AUD/USD,5000,500,10,0.7671,0.7658,0.2,-65,-1.3,2015/07/01,00:00,2015/07/01,16:17,0.8171,0.758,0,,-22,,,,,,,
Long,7,John,Index,SPX,5000,0.24,0.0048,2079.35,2079.15,0.24,-5,-0.1,2015/07/01,00:00,2015/07/01,14:21,2182.45,2055,0,,-21.35,,,,,,,
Long,7,John,Forex,USD/CHF,5000,500,10,0.9304,0.9372,0.16,363,7.26,2015/06/30,14:04,2015/07/01,08:59,0.9794,0.937,0,,-21.3,,,,,,,
Short,7,John,Index,FTSE,5000,0.05,0.001,6566,6574.5,0.23,-65,-1.3,2015/06/30,14:05,2015/07/01,06:05,6237.33,6570,0,,-24.93,,,,,,,
Long,6,John,Commodity,Gold,5000,0.43,0.0086,1177.82,1166.52,0.38,-482,-9.64,2015/06/29,10:35,2015/06/30,15:01,1236.47,1168,0.04,,-24.28,,,,,,,
Long,6,John,Index,DAX,5000,0.02,0.0004,11519,10946,0.07,-1232,-24.64,2015/06/26,14:12,2015/06/29,06:03,1.0653,11450,0.02,,-19.46,,,,,,,
Long,6,John,Index,DAX,5000,0.02,0.0004,11490,10946,0.07,-1170,-23.4,2015/06/26,14:26,2015/06/29,06:03,12666.45,11450,0.02,,-7.14,,,,,,,
Short,6,John,Forex,EUR/USD,5000,500,10,1.1154,1.1236,0.15,-410,-8.2,2015/06/29,14:05,2015/06/29,17:34,12633.57,1.1235,0,,4.56,,,,,,,
Short,6,John,Index,INDU,5000,0.03,0.0006,17937,17960,0.17,-64,-1.28,2015/06/26,13:35,2015/06/26,13:44,17040.15,18007.67,0,,8.66,,,,,,,
Short,6,John,Forex,GBP/USD,5000,500,10,1.5827,1.572,0.2,535,10.7,2015/06/22,13:12,2015/06/25,07:09,1.5328,1.572,0.15,,9.3,,,,,,,
Short,6,John,Forex,GBP/USD,5000,500,10,1.5861,1.5845,0.2,80,1.6,2015/06/22,09:52,2015/06/22,13:04,1.5361,1.5855,0,,3.95,,,,,,,
Short,6,John,Index,INDU,5000,0.03,0.0006,18090,18089,0.17,3,0.06,2015/06/19,14:05,2015/06/22,06:24,17985,18089,0,,3.15,,,,,,,
Long,6,John,Index,FTSE,5000,0.05,0.001,6715,6700,0.22,-112,-2.24,2015/06/19,13:51,2015/06/19,15:33,7050.02,6700,0,,3.12,,,,,,,
Long,6,John,Commodity,Gold,5000,0.42,0.0084,1202.81,1199.17,0.37,-152,-3.04,2015/06/19,12:53,2015/06/19,15:01,1262.88,1195,0,,4.24,,,,,,,
Short,6,John,Forex,GBP/USD,5000,500,10,1.5905,1.5884,0.2,105,2.1,2015/06/18,13:37,2015/06/19,13:05,1.5405,1.59,0.03,,5.76,,,,,,,
Short,6,John,Forex,USD/JPY,5000,500,10,122.69,122.85,0.08,-65,-1.3,2015/06/18,13:34,2015/06/18,14:00,121.65,123,0,,4.71,,,,,,,
Long,6,John,Forex,AUD/USD,5000,500,10,0.7684,0.767,0.2,-70,-1.4,2015/06/17,12:47,2015/06/17,14:32,1995.25,0.767,0,,5.36,,,,,,,
Short,6,John,Index,SPX,5000,0.24,0.0048,2100.35,2105.15,0.24,-114,-2.28,2015/06/17,13:55,2015/06/17,18:42,0.8184,2105,0,,6.06,,,,,,,
Short,6,John,Index,SPX,5000,0.24,0.0048,2090.85,2099.15,0.24,-199,-3.98,2015/06/16,15:52,2015/06/16,20:14,1986.8,2099,0,,7.2,,,,,,,
Long,6,John,Index,DAX,5000,0.04,0.0008,11002.5,10986.5,0.13,-72,-1.44,2015/06/15,16:16,2015/06/15,16:37,11559.49,10950,0,,9.19,,,,,,,
Long,6,John,Commodity,Oil,5000,4.24,0.0848,59.89,59.62,0.42,-114,-2.28,2015/06/14,22:01,2015/06/15,09:21,10610,59.42,0,,9.91,,,,,,,
Short,6,John,Index,DAX,5000,0.02,0.0004,11030,10999.5,0.07,68,1.36,2015/06/15,10:11,2015/06/15,16:04,1.0726,11065,0,,11.05,,,,,,,
Short,6,John,Forex,EUR/USD,5000,500,10,1.1227,1.1256,0.15,-145,-2.9,2015/06/15,09:46,2015/06/15,14:58,65.79,1.1255,0,,10.37,,,,,,,
Short,6,John,Commodity,Gold,5000,0.42,0.0084,1179.44,1185.9,0.38,-273,-5.46,2015/06/12,00:00,2015/06/14,22:29,1120.39,1185,0,,11.82,,,,,,,
Long,6,John,Commodity,Oil,4000,6.67,0.16675,59.84,59.87,0.67,20,0.5,2015/06/12,00:00,2015/06/12,16:05,62.84,59.8,0,,14.55,,,,,,,
Long,6,John,Commodity,Oil,5000,8.33,0.1666,60.27,59.74,0.83,-442,-8.84,2015/06/12,00:00,2015/06/12,14:29,63.27,57.27,0,,14.35,,,,,,,
Long,6,John,Commodity,Gold,5000,0.42,0.0084,1181.08,1179.59,0.38,-63,-1.26,2015/06/11,00:00,2015/06/12,10:21,2088,1174.82,0.04,,18.77,,,,,,,
Short,6,John,Index,SPX,5000,0.24,0.0048,2105.15,2110.35,0.24,-123,-2.46,2015/06/12,00:00,2015/06/12,10:22,1240.65,2110,0,,19.4,,,,,,,
Long,6,John,Index,SPX,4000,0.19,0.00475,2087.35,2106.85,0.19,375,9.38,2015/06/10,00:00,2015/06/11,14:38,2191.4,2107,-0.02,,20.63,,,,,,,
Short,6,John,Commodity,Oil,5000,4.1,0.082,61.14,61.08,0.41,25,0.5,2015/06/11,00:00,2015/06/11,13:20,55.04,61.38,0,,16.88,,,,,,,
Long,6,John,Forex,EUR/GBP,5000,500,10,0.7288,0.728,0.31,-62,-1.24,2015/06/10,00:00,2015/06/10,14:09,59.25,0.728,0,,16.63,,,,,,,
Long,6,John,Forex,EUR/USD,5000,500,10,1.1275,1.1259,0.15,-80,-1.6,2015/06/10,00:00,2015/06/10,11:20,0.7612,1.1259,0,,17.25,,,,,,,
Long,6,John,Forex,USD/CAD,5000,500,10,1.2238,1.2216,0.12,-90,-1.8,2015/06/10,00:00,2015/06/10,10:34,116.87,1.2216,0,,18.05,,,,,,,
Long,6,John,Forex,EUR/GBP,3000,300,10,0.7344,0.7315,0.19,-134,-4.47,2015/06/10,00:00,2015/06/10,09:17,1.1776,0.7315,0,,18.95,,,,,,,
Long,6,John,Forex,EUR/GBP,3000,300,10,0.7337,0.7315,0.19,-102,-3.4,2015/06/10,00:00,2015/06/10,09:17,1.2883,0.7315,0,,20.29,,,,,,,
Short,6,John,Commodity,Oil,5000,4.17,0.0834,61.32,61.17,0.42,63,1.26,2015/06/10,00:00,2015/06/10,18:22,0.7668,61.15,0,,21.31,,,,,,,
Short,6,John,Forex,USD/JPY,7500,750,10,122.69,122.77,0.12,-49,-0.65,2015/06/10,00:00,2015/06/10,13:30,0.7662,122.95,0,,20.68,,,,,,,
Long,6,John,Forex,EUR/USD,5000,500,10,1.1274,1.1259,0.15,-75,-1.5,2015/06/09,00:00,2015/06/09,11:50,1869.85,1.1259,0,,21.17,,,,,,,
Long,6,John,Forex,USD/JPY,5000,500,10,124.33,124.13,0.08,-81,-1.62,2015/06/09,00:00,2015/06/09,09:12,1.1773,124.1,0,,21.92,,,,,,,
Long,6,John,Index,FTSE,5000,0.05,0.001,6786,6769,0.22,-125,-2.5,2015/06/09,00:00,2015/06/09,09:00,1.1123,6769.07,0,,22.73,,,,,,,
Short,6,John,Index,SPX,5000,0.12,0.0024,2077.85,2085.15,0.12,-88,-1.76,2015/06/09,00:00,2015/06/09,15:32,130.9,2085,0,,23.98,,,,,,,
Short,6,John,Forex,EUR/USD,5000,500,10,1.1281,1.1273,0.15,40,0.8,2015/06/09,00:00,2015/06/09,11:06,7124.63,1.1273,0,,24.86,,,,,,,
Long,6,John,Equity,ADBE,10000,1.25,0.0125,79.91,78.19,0.1,-215,-2.15,2015/06/04,00:00,2015/06/08,15:52,119.91,78.2,0,,24.46,,,,,,,
Long,6,John,Commodity,Gold,5000,0.43,0.0086,1175.6,1171,0.38,-196,-3.92,2015/06/08,00:00,2015/06/08,12:47,1234.2,1171,0,,26.61,,,,,,,
Long,6,John,Forex,EUR/USD,5000,500,10,1.1125,1.1108,0.15,-85,-1.7,2015/06/05,00:00,2015/06/05,15:46,1.0609,1.1095,0,,28.57,,,,,,,
Long,6,John,Index,FTSE,5000,0.05,0.001,6807,6808,0.22,7,0.14,2015/06/05,00:00,2015/06/05,15:15,1.1214,6808,0,,29.42,,,,,,,
Long,6,John,Forex,EUR/USD,5000,500,10,1.1091,1.1098,0.15,35,0.7,2015/06/05,00:00,2015/06/05,14:49,7151.85,1.1098,0,,29.35,,,,,,,
Long,6,John,Forex,USD/CAD,5000,500,10,1.2504,1.2499,0.12,-20,-0.4,2015/06/05,00:00,2015/06/05,11:55,1.1591,1.2489,0,,29,,,,,,,
Long,6,John,Index,DAX,5000,0.02,0.0004,11277,11241,0.07,-80,-1.6,2015/06/05,00:00,2015/06/05,07:45,1990.35,11209.58,0,,29.2,,,,,,,
Short,6,John,Forex,EUR/USD,5000,500,10,1.1109,1.1135,0.15,-130,-2.6,2015/06/05,00:00,2015/06/05,17:03,10420,1.1135,0,,30,,,,,,,
Short,6,John,Index,SPX,5000,0.24,0.0048,2095.15,2094.15,0.24,24,0.48,2015/06/05,00:00,2015/06/05,14:00,1.3162,2094,0,,31.3,,,,,,,
Short,6,John,Index,DAX,5000,0.04,0.0008,11232,11224,0.13,35,0.7,2015/06/05,00:00,2015/06/05,12:40,12404.61,11223,0,,31.06,,,,,,,
Short,6,John,Index,DAX,5000,0.02,0.0004,11253,11276,0.07,-51,-1.02,2015/06/05,00:00,2015/06/05,07:19,10125.49,11275.15,0,,30.71,,,,,,,
Long,6,John,Forex,GBP/USD,5000,1250,25,1.5362,1.5364,0.5,25,0.5,2015/06/04,00:00,2015/06/04,17:55,1.5562,1.5364,0,,31.22,,,,,,,
Short,6,John,Commodity,Gold,5000,0.42,0.0084,1182.84,1175.98,0.38,290,5.8,2015/06/04,00:00,2015/06/04,16:14,1171,1182.6,0,,30.97,,,,,,,
Short,6,John,Index,SPX,5000,0.24,0.0048,2106.65,2106.35,0.24,7,0.14,2015/06/04,00:00,2015/06/04,15:27,2000.8,2109.2,0,,28.07,,,,,,,
Short,6,John,Forex,USD/CAD,5000,500,10,1.2443,1.2466,0.12,-92,-1.84,2015/06/04,00:00,2015/06/04,12:31,1.1851,1.2465,0,,28,,,,,,,
Short,6,John,Index,SPX,5000,0.24,0.0048,2104.35,2107.65,0.24,-78,-1.56,2015/06/04,00:00,2015/06/04,11:33,1998.5,2108,0,,28.92,,,,,,,
Short,6,John,Commodity,Gold,5000,1.06,0.0212,1182.14,1184.03,0.95,-200,-4,2015/06/04,00:00,2015/06/04,09:59,1158.46,1184,0,,29.7,,,,,,,
Short,6,John,Forex,GBP/USD,4000,400,10,1.5342,1.5361,0.16,-76,-1.9,2015/06/03,00:00,2015/06/04,08:12,1.4843,1.5361,0.07,,31.7,,,,,,,
Long,6,John,Index,NDX,5000,0.11,0.0022,4525.5,4516.5,0.33,-100,-2,2015/06/03,00:00,2015/06/03,16:41,4290.45,4505,0,,32.46,,,,,,,
Long,6,John,Index,FTSE,7500,0.07,0.000933333,6972,6951,0.32,-228,-3.04,2015/06/03,00:00,2015/06/03,15:28,4750.55,6951,0,,33.46,,,,,,,
Long,6,John,Forex,EUR/GBP,5000,500,10,0.7282,0.7265,0.31,-130,-2.6,2015/06/03,00:00,2015/06/03,12:52,7318.77,0.7259,0,,35.74,,,,,,,
Short,6,John,Index,NDX,5000,0.11,0.0022,4514.5,4527.5,0.33,-144,-2.88,2015/06/03,00:00,2015/06/03,18:00,0.7607,4527,0,,37.04,,,,,,,
Long,6,John,Forex,USD/CAD,5000,2500,50,1.2437,1.2445,0.6,161,3.22,2015/05/29,10:48,2015/06/02,13:15,1.2563,1.2445,0.24,,38.48,,,,,,,
Long,6,John,Index,INDU,5000,0.03,0.0006,17993,17956,0.17,-102,-2.04,2015/05/29,14:47,2015/06/02,08:52,18899.4,17958,0.06,,36.87,,,,,,,
Long,6,John,Forex,AUD/USD,10000,1000,10,0.7628,0.761,0.4,-180,-1.8,2015/06/01,00:00,2015/06/01,14:17,0.8128,0.761,0,,37.89,,,,,,,
Short,5,John,Forex,GBP/USD,10000,1000,10,1.526,1.529,0.4,-300,-3,2015/05/29,13:19,2015/05/29,13:42,1.476,1.529,0,,39.69,,,,,,,
Short,5,John,Commodity,Gold,10000,0.84,0.0084,1187.1,1190.8,0.76,-312,-3.12,2015/05/29,12:13,2015/05/29,12:31,1127.84,1190,0,,42.69,,,,,,,
Short,5,John,Index,FTSE,10000,0.09,0.0009,7021,7035,0.43,-198,-1.98,2015/05/29,09:22,2015/05/29,10:09,6667.15,7035,0,,45.81,,,,,,,
Short,5,John,Index,DAX,10000,0.08,0.0008,11783,11716,0.26,580,5.8,2015/05/27,15:04,2015/05/29,06:03,11200.08,11803,0,,47.79,,,,,,,
Long,5,John,Forex,USD/JPY,10000,1000,10,124.18,123.96,0.16,-177,-1.77,2015/05/28,11:15,2015/05/28,16:52,2014.25,123.96,0,,41.99,,,,,,,
Long,5,John,Forex,EUR/USD,10000,1000,10,1.0944,1.092,0.3,-240,-2.4,2015/05/28,10:22,2015/05/28,11:07,130.69,1.092,0,,43.76,,,,,,,
Short,5,John,Index,SPX,9000,0.42,0.004666667,2120.35,2125.25,0.42,-208,-2.31,2015/05/28,10:58,2015/05/28,20:30,1.1444,2125,0,,46.16,,,,,,,
Long,5,John,Forex,USD/CAD,10000,1000,10,1.2309,1.2431,0.24,981,9.81,2015/05/25,16:10,2015/05/27,14:00,2016,1.2352,0.1,,48.24,,,,,,,
Short,5,John,Index,SPX,10000,0.47,0.0047,2121.35,2126.15,0.47,-228,-2.28,2015/05/27,18:17,2015/05/27,19:17,4285.45,2126,0,,38.43,,,,,,,
Short,5,John,Index,NDX,10000,0.22,0.0022,4509.5,4524.5,0.67,-335,-3.35,2015/05/27,14:27,2015/05/27,15:00,1.2596,4524,0,,40.71,,,,,,,
Short,5,John,Index,SPX,10000,0.47,0.0047,2123.15,2116.65,0.47,306,3.06,2015/05/26,10:51,2015/05/27,13:54,2016.9,2120,0.17,,44.06,,,,,,,
Long,5,John,Commodity,Gold,10000,0.41,0.0041,1195.42,1189.91,0.37,-228,-2.28,2015/05/26,10:40,2015/05/26,12:25,1316.03,1190,0,,41,,,,,,,
Long,5,John,Forex,AUD/USD,10000,1000,10,0.7833,0.7805,0.4,-280,-2.8,2015/05/25,08:46,2015/05/26,06:28,6643.9,0.7805,-0.02,,43.28,,,,,,,
Long,5,John,Commodity,Gold,10000,0.41,0.0041,1206.11,1201.37,0.37,-197,-1.97,2015/05/25,14:13,2015/05/26,06:20,0.8333,1201.4,0.04,,46.08,,,,,,,
Short,5,John,Index,FTSE,10000,0.09,0.0009,6997,7007,0.42,-142,-1.42,2015/05/26,09:37,2015/05/26,10:30,1326.61,7008,0,,48.05,,,,,,,
Long,5,John,Forex,EUR/USD,10000,1000,10,1.0976,1.0968,0.3,-80,-0.8,2015/05/25,09:53,2015/05/25,16:07,1.1476,1.0948,0,,49.47,,,,,,,
Long,5,John,Forex,USD/JPY,10000,1000,10,120.84,121.45,0.17,502,5.02,2015/05/22,10:32,2015/05/25,10:32,4296.15,121.45,0,,50.27,,,,,,,
Short,5,John,Index,NDX,10000,0.22,0.0022,4522.5,4534.5,0.66,-265,-2.65,2015/05/25,12:40,2015/05/25,14:46,127.2,4534,0,,45.25,,,,,,,
Long,5,John,Commodity,Gold,10000,0.83,0.0083,1208.2,1203.33,0.75,-404,-4.04,2015/05/22,12:31,2015/05/22,13:00,4305.55,1203.43,0,,47.9,,,,,,,
Short,5,John,Index,NDX,3000,0.07,0.002333333,4530.5,4540.5,0.2,-67,-2.23,2015/05/21,16:51,2015/05/22,13:41,4305.55,4540,0.02,,51.94,,,,,,,
Short,5,John,Index,NDX,7000,0.16,0.002285714,4529.5,4540.5,0.47,-171,-2.44,2015/05/21,16:52,2015/05/22,13:41,1268.5,4540,0.06,,52.61,,,,,,,
Short,5,John,Commodity,Silver,10000,29.41,0.2941,17.1,17.3,1.47,-588,-5.88,2015/05/21,13:43,2015/05/22,07:45,15.4,17.3,0,,54.32,,,,,,,
Short,5,John,Forex,EUR/GBP,10000,1000,10,0.7094,0.7112,0.63,-282,-2.82,2015/05/21,14:55,2015/05/22,03:32,0.6775,0.7112,0,,60.2,,,,,,,
Long,5,John,Forex,EUR/GBP,10000,1000,10,0.7103,0.7096,0.63,-110,-1.1,2015/05/21,13:17,2015/05/21,14:52,4077.6,0.7085,0,,63.02,,,,,,,
Long,5,John,Commodity,Gold,10000,0.17,0.0017,1211.42,1204.23,0.15,-119,-1.19,2015/05/21,08:57,2015/05/21,13:55,4288.55,1194,0,,64.12,,,,,,,
Long,5,John,Forex,AUD/USD,10000,1000,10,0.7902,0.787,0.4,-320,-3.2,2015/05/21,08:31,2015/05/21,12:45,0.7423,0.787,0,,65.31,,,,,,,
Long,5,John,Commodity,Gold,10000,0.83,0.0083,1211.5,1206.06,0.74,-450,-4.5,2015/05/21,09:01,2015/05/21,12:03,1513.67,1207,0,,68.51,,,,,,,
Short,5,John,Index,NDX,10000,0.11,0.0011,4527.5,4534.5,0.33,-78,-0.78,2015/05/21,15:20,2015/05/21,16:31,11232.54,4565,0,,73.01,,,,,,,
Short,5,John,Index,NDX,10000,0.22,0.0022,4513.5,4532.5,0.67,-422,-4.22,2015/05/21,14:10,2015/05/21,15:08,4265.55,4532,0,,73.79,,,,,,,
Short,5,John,Index,DAX,10000,0.08,0.0008,11822,11845,0.25,-194,-1.94,2015/05/21,13:21,2015/05/21,13:42,11208.93,11845,0,,78.01,,,,,,,
Short,5,John,Index,NDX,10000,0.22,0.0022,4490.5,4503.5,0.67,-289,-2.89,2015/05/21,09:31,2015/05/21,13:35,0.8402,4503,0,,79.95,,,,,,,
Short,5,John,Index,DAX,10000,0.08,0.0008,11799,11820,0.25,-178,-1.78,2015/05/21,09:11,2015/05/21,12:51,1271.94,11820,0,,82.84,,,,,,,
Long,5,John,Commodity,Silver,5000,14.71,0.2942,17.15,17.05,0.74,-147,-2.94,2015/05/20,10:06,2015/05/20,18:03,18.85,17.05,0,,84.62,,,,,,,
Long,5,John,Forex,USD/CAD,4000,400,10,1.224,1.2213,0.1,-88,-2.2,2015/05/20,14:30,2015/05/20,15:14,1.2883,1.2189,0,,86.09,,,,,,,
Long,5,John,Index,DAX,10000,0.08,0.0008,11837,11789,0.25,-405,-4.05,2015/05/20,10:59,2015/05/20,13:46,1.0605,11774,0,,86.97,,,,,,,
Long,5,John,Forex,EUR/USD,10000,1000,10,1.1137,1.1107,0.3,-300,-3,2015/05/20,13:02,2015/05/20,13:27,12429.6,1.1108,0,,91.02,,,,,,,
Long,5,John,Forex,EUR/USD,10000,1000,10,1.1122,1.1106,0.3,-160,-1.6,2015/05/20,10:21,2015/05/20,10:42,1.1637,1.1094,0,,94.02,,,,,,,
Long,5,John,Forex,USD/JPY,10000,1000,10,119.78,120.85,0.17,885,8.85,2015/05/18,13:24,2015/05/20,10:17,1.0139,120.74,0,,95.62,,,,,,,
Long,5,John,Forex,USD/CAD,10000,1000,10,1.2232,1.2223,0.25,-74,-0.74,2015/05/20,08:40,2015/05/20,10:17,1.0607,1.2198,0,,86.77,,,,,,,
Long,5,John,Forex,EUR/GBP,10000,1000,10,0.7185,0.7166,0.62,-294,-2.94,2015/05/19,16:44,2015/05/20,05:59,11212.91,0.7165,0.05,,87.51,,,,,,,
Short,5,John,Forex,EUR/USD,10000,1000,10,1.1105,1.1116,0.3,-110,-1.1,2015/05/20,13:49,2015/05/20,14:55,2022.7,1.1116,0,,90.45,,,,,,,
Short,5,John,Forex,EUR/USD,10000,500,5,1.1138,1.1137,0.15,5,0.05,2015/05/20,12:40,2015/05/20,13:00,1.1622,1.118,0,,91.55,,,,,,,
Short,5,John,Forex,EUR/USD,10000,1000,10,1.1106,1.1123,0.3,-170,-1.7,2015/05/20,10:42,2015/05/20,12:27,126.09,1.115,0,,91.5,,,,,,,
Short,5,John,Index,DAX,10000,0.08,0.0008,11805,11826,0.25,-177,-1.77,2015/05/20,08:53,2015/05/20,10:43,1.2878,11844,0,,93.2,,,,,,,
Short,5,John,Index,SPX,10000,0.47,0.0047,2128.85,2128.35,0.47,23,0.23,2015/05/19,16:28,2015/05/20,10:43,0.751,2131,0.11,,94.97,,,,,,,
Long,5,John,Index,FTSE,10000,0.09,0.0009,7000,6995,0.43,-71,-0.71,2015/05/19,11:23,2015/05/19,13:28,7352.39,6979,0,,94.74,,,,,,,
Short,5,John,Commodity,Oil,10000,16.67,0.1667,59.62,59.96,1.67,-567,-5.67,2015/05/19,08:49,2015/05/19,11:05,56.63,59.98,0,,95.45,,,,,,,
Long,5,John,Forex,USD/CAD,5000,500,10,1.2046,1.2148,0.12,420,8.4,2015/05/18,08:46,2015/05/18,16:25,1.2682,1.2058,0,,101.12,,,,,,,
Long,5,John,Forex,EUR/GBP,10000,1000,10,0.727,0.725,0.63,-314,-3.14,2015/05/18,10:22,2015/05/18,13:23,0.759,0.725,0,,96.92,,,,,,,
Long,5,John,Index,NDX,10000,0.22,0.0022,4489.5,4475.5,0.67,-312,-3.12,2015/05/18,09:17,2015/05/18,11:25,4714,4470,0,,100.06,,,,,,,
Long,5,John,Commodity,Gold,5000,1.02,0.0204,1224.71,1227.65,0.92,301,6.02,2015/05/15,16:41,2015/05/18,11:16,1249.12,1226.74,0.1,,103.18,,,,,,,
Short,5,John,Index,NDX,10000,0.11,0.0011,4485.5,4490.5,0.33,-56,-0.56,2015/05/15,15:33,2015/05/18,08:59,4036.3,4511.5,0.04,,100.17,,,,,,,
Long,5,John,Forex,USD/CAD,10000,1000,10,1.201,1.2022,0.25,100,1,2015/05/15,08:32,2015/05/15,14:17,53.52,1.1985,0,,100.73,,,,,,,
Long,5,John,Equity,KING,2000,1.33,0.0665,15.03,13.76,0.04,-169,-8.45,2015/03/24,20:33,2015/05/15,13:31,2012.35,0.01,0,,99.73,,,,,,,
Long,5,John,Index,FTSE,7500,0.07,0.000933333,6981.5,6961,0.33,-222,-2.96,2015/05/14,16:19,2015/05/15,13:23,1.264,6956,0.15,,101.42,,,,,,,
Short,5,John,Commodity,Oil,5000,4.24,0.0848,59.42,59.59,0.42,-72,-1.44,2015/05/15,15:44,2015/05/15,16:34,1.5286,59.82,0,,103.64,,,,,,,
Short,5,John,Index,SPX,6000,0.28,0.004666667,2118.65,2123.15,0.28,-127,-2.12,2015/05/15,14:24,2015/05/15,15:09,0,2123,0,,104.36,,,,,,,
Short,5,John,Forex,GBP/USD,5000,500,10,1.5786,1.5755,0.2,155,3.1,2015/05/14,13:41,2015/05/15,14:00,7327.23,1.5785,0.03,,105.63,,,,,,,
Long,5,John,Commodity,Gold,10000,0.84,0.0084,1194.18,1223.61,0.75,2467,24.67,2015/05/13,09:15,2015/05/14,14:51,1253.88,1210,0.25,,104.08,,,,,,,
Long,5,John,Index,FTSE,7500,0.03,0.0004,6952,6952,0.16,0,0,2015/05/14,10:16,2015/05/14,13:43,7641.6,6934,0,,79.41,,,,,,,
Long,5,John,Index,SPX,5000,0.24,0.0048,2108.65,2109.65,0.24,24,0.48,2015/05/14,11:03,2015/05/14,13:43,2213.8,2104,0,,79.41,,,,,,,
Long,5,John,Forex,EUR/GBP,10000,1000,10,0.717,0.7219,0.63,773,7.73,2015/05/13,09:50,2015/05/14,13:34,0.7483,0.7195,0.16,,79.17,,,,,,,
Long,5,John,Index,FTSE,5000,0.12,0.0024,6966,6945,0.54,-380,-7.6,2015/05/13,13:37,2015/05/13,14:34,4218.2,6945,0,,71.44,,,,,,,
Long,5,John,Commodity,Oil,5000,4.24,0.0848,59.99,61.34,0.42,572,11.44,2015/05/12,00:00,2015/05/13,14:33,7104.43,60.72,0,,75.24,,,,,,,
Short,5,John,Index,NDX,5000,0.11,0.0022,4439.5,4437.5,0.34,23,0.46,2015/05/13,14:55,2015/05/13,15:43,65.89,4470,0,,69.52,,,,,,,
Short,5,John,Index,FTSE,5000,0.05,0.001,6951,6964,0.22,-94,-1.88,2015/05/13,12:45,2015/05/13,13:33,6605.43,7000,0,,69.29,,,,,,,
Short,5,John,Index,NDX,5000,0.11,0.0022,4444.5,4447.5,0.34,-34,-0.68,2015/05/13,09:13,2015/05/13,12:42,4223.2,4470,0,,70.23,,,,,,,
Long,5,John,Forex,EUR/GBP,5000,1250,25,0.7169,0.7169,0.78,0,0,2015/05/12,00:00,2015/05/12,15:08,1.5162,0.7155,0,,70.57,,,,,,,
Long,5,John,Index,DAX,10000,0.08,0.0008,11412,11444,0.26,278,2.78,2015/05/12,00:00,2015/05/12,13:42,0.7295,11390,0,,70.57,,,,,,,
Long,5,John,Commodity,Gold,5000,0.42,0.0084,1184.92,1188.89,0.38,168,3.36,2015/05/12,00:00,2015/05/12,13:16,2071.87,1189,0,,67.79,,,,,,,
Long,5,John,Forex,EUR/GBP,10000,1000,10,0.717,0.7172,0.62,31,0.31,2015/05/11,00:00,2015/05/12,10:34,6564.96,0.7167,0.05,,66.11,,,,,,,
Short,5,John,Forex,GBP/USD,4000,400,10,1.5661,1.5693,0.16,-128,-3.2,2015/05/12,00:00,2015/05/12,16:12,11985.74,1.5714,0,,65.8,,,,,,,
Short,5,John,Index,SPX,3000,0.35,0.011666667,2113.85,2095.65,0.35,646,21.53,2015/05/11,00:00,2015/05/12,14:39,1244.19,2106,0.04,,67.08,,,,,,,
Short,5,John,Index,FTSE,10000,0.09,0.0009,6914,6932,0.43,-258,-2.58,2015/05/12,00:00,2015/05/12,14:38,0.749,6932,0,,60.62,,,,,,,
Long,5,John,Forex,AUD/USD,7000,1750,25,0.7914,0.7889,0.7,-438,-6.26,2015/05/11,00:00,2015/05/11,16:05,1.0647,0.7888,0,,63.2,,,,,,,
Long,5,John,Index,FTSE,6000,0.06,0.001,7052.5,7031.5,0.26,-183,-3.05,2015/05/08,00:00,2015/05/11,06:07,0.8115,7032,0.13,,67.58,,,,,,,
Short,5,John,Forex,EUR/USD,5000,500,10,1.1147,1.1151,0.15,-20,-0.4,2015/05/11,00:00,2015/05/11,16:35,2072.87,1.1175,0,,69.41,,,,,,,
Short,5,John,Index,SPX,10000,1.18,0.0118,2115.15,2118.15,1.18,-355,-3.55,2015/05/11,00:00,2015/05/11,14:01,2007.45,2118,0,,69.61,,,,,,,
Short,5,John,Index,SPX,10000,0.47,0.0047,2113.15,2116.35,0.47,-151,-1.51,2015/05/11,00:00,2015/05/11,13:32,1.0652,2118.74,0,,73.16,,,,,,,
Short,5,John,Forex,EUR/USD,7000,700,10,1.1152,1.1161,0.21,-63,-0.9,2015/05/11,00:00,2015/05/11,13:14,7396.59,1.1161,0,,74.67,,,,,,,
Long,5,John,Forex,AUD/USD,4000,400,10,0.7896,0.7915,0.16,76,1.9,2015/05/08,00:00,2015/05/10,23:07,0.8396,0.7898,-0.01,,75.3,,,,,,,
Long,5,John,Index,SPX,4000,0.19,0.00475,2092.85,2111.85,0.19,364,9.1,2015/05/08,00:00,2015/05/08,14:18,6337.61,2084,0,,74.54,,,,,,,
Short,5,John,Index,FTSE,4000,0.02,0.0005,7029,7049.5,0.09,-60,-1.5,2015/05/08,00:00,2015/05/08,15:30,2197.3,7049.04,0,,70.9,,,,,,,
Short,5,John,Forex,EUR/USD,3500,350,10,1.1237,1.1224,0.11,46,1.31,2015/05/08,00:00,2015/05/08,11:07,1.0736,1.1235,0,,71.5,,,,,,,
Long,5,John,Index,DAX,4000,0.03,0.00075,11386,11355.5,0.1,-107,-2.68,2015/05/07,00:00,2015/05/07,14:34,11957.5,11345,0,,71.04,,,,,,,
Long,5,John,Equity,BHP,2000,0.87,0.0435,1590.73,1540.77,0.05,-66,-3.3,2015/05/01,00:00,2015/05/07,13:52,2342.36,1477.98,0,,72.11,,,,,,,
Long,5,John,Forex,AUD/USD,3000,300,10,0.7905,0.801,0.12,315,10.5,2015/05/05,00:00,2015/05/06,15:11,0.8405,0.8,0,,72.77,,,,,,,
Short,5,John,Index,DAX,3000,0.02,0.000666667,11403.5,11278,0.08,337,11.23,2015/05/06,00:00,2015/05/06,14:04,11010,11290,0,,69.62,,,,,,,
Short,5,John,Forex,EUR/USD,3000,300,10,1.1234,1.1255,0.09,-63,-2.1,2015/05/06,00:00,2015/05/06,12:15,1.0734,1.1255,0,,66.25,,,,,,,
Short,5,John,Index,SPX,3000,0.14,0.004666667,2108.35,2098.15,0.14,145,4.83,2015/05/05,00:00,2015/05/06,09:21,1985,2098,0,,66.88,,,,,,,
Long,5,John,Forex,EUR/USD,2000,200,10,1.1109,1.113,0.06,42,2.1,2015/05/05,00:00,2015/05/05,13:37,1.1609,1.1095,0,,65.43,,,,,,,
Long,5,John,Index,SPX,3000,0.14,0.004666667,2114.85,2109.35,0.14,-78,-2.6,2015/05/05,00:00,2015/05/05,12:39,2220.65,2109.5,0,,65.01,,,,,,,
Long,5,John,Index,DAX,1000,0.02,0.002,11616,11585,0.06,-67,-6.7,2015/05/05,00:00,2015/05/05,11:23,11847.35,11585.4,0,,65.79,,,,,,,
Long,5,John,Commodity,Gold,3000,0.25,0.008333333,1173.47,1187.05,0.23,344,11.47,2015/05/01,00:00,2015/05/05,09:21,1.0718,1187.25,0.06,,66.46,,,,,,,
Long,5,John,Forex,EUR/USD,1000,100,10,1.1072,1.1076,0.03,4,0.4,2015/05/05,00:00,2015/05/05,08:38,1232.67,1.0573,0,,63.02,,,,,,,
Short,5,John,Forex,EUR/USD,2000,200,10,1.1219,1.1112,0.06,214,10.7,2015/05/01,00:00,2015/05/05,09:44,1.1573,1.1115,0,,62.98,,,,,,,
Short,5,John,Index,DAX,3000,0,0,11579.5,11651.5,0.02,-37,-1.23,2015/05/05,00:00,2015/05/05,08:15,8667.97,11650,0,,60.84,,,,,,,
Long,5,John,Forex,USD/CAD,3000,300,10,1.2097,1.2178,0.07,200,6.67,2015/05/01,00:00,2015/05/01,16:14,1.2732,1.2139,0,,61.21,,,,,,,
Long,5,John,Forex,GBP/USD,2000,200,10,1.5194,1.5176,0.08,-36,-1.8,2015/05/01,00:00,2015/05/01,14:16,1.5693,1.515,0,,59.21,,,,,,,
Long,5,John,Commodity,Gold,3000,0.25,0.008333333,1180.18,1178.7,0.22,-37,-1.23,2015/04/30,15:36,2015/05/01,09:01,1119.86,1178.8,0.02,,59.57,,,,,,,
Short,5,John,Commodity,Gold,2000,0.17,0.0085,1179.01,1179.92,0.15,-15,-0.75,2015/05/01,00:00,2015/05/01,14:00,1300.58,1182,0,,59.94,,,,,,,
Long,4,John,Equity,PFE,1000,0.29,0.029,34.37,33.94,0.02,-13,-1.3,2015/02/24,21:32,2015/04/30,17:22,0,0.01,0,,60.09,,,,,,,
Long,4,John,Forex,USD/CAD,3000,300,10,1.2042,1.2101,0.07,146,4.87,2015/04/30,10:27,2015/04/30,16:41,1.267,1.2044,0,,60.22,,,,,,,
Long,4,John,Index,DAX,3000,0.02,0.000666667,11441,11448.5,0.08,20,0.67,2015/04/30,10:27,2015/04/30,14:04,11750,11449,0,,58.76,,,,,,,
Long,4,John,Equity,AAPL,2000,0.16,0.008,129.39,127.25,0.01,-33,-1.65,2015/04/23,15:39,2015/04/30,13:31,193.41,124,0,,58.56,,,,,,,
Long,4,John,Commodity,Gold,3500,0.29,0.008285714,1203.41,1203.9,0.26,14,0.4,2015/04/28,10:56,2015/04/29,18:00,113.55,1204,0.03,,58.89,,,,,,,
Long,4,John,Equity,UN,2000,0.46,0.023,2921.92,2875.42,0.04,-33,-1.65,2015/04/09,00:00,2015/04/29,13:47,1263.52,0.01,-0.12,,58.75,,,,,,,
Long,4,John,Equity,ATVI,2000,0.87,0.0435,23.8,23.47,0.07,-29,-1.45,2015/04/23,13:30,2015/04/29,13:46,0,21.5,0,,59.08,,,,,,,
Short,4,John,Forex,USD/JPY,2000,200,10,119.21,119.02,0.03,32,1.6,2015/04/29,13:09,2015/04/29,18:00,46.8,119,0,,59.37,,,,,,,
Short,4,John,Index,NDX,3500,0.04,0.001142857,4540.9,4560.5,0.12,-76,-2.17,2015/04/27,09:01,2015/04/27,13:20,4087.2,4560,0,,59.05,,,,,,,
Short,4,John,Index,NDX,3000,0.03,0.001,4539.8,4547.1,0.1,-24,-0.8,2015/04/26,22:55,2015/04/27,07:05,4086.1,4546,0,,59.81,,,,,,,
Short,4,John,Commodity,Gold,1500,0.31,0.020666667,1176.45,1180,0.28,-112,-7.47,2015/04/24,15:33,2015/04/26,22:00,1152.69,1180,0,,60.05,,,,,,,
Long,4,John,Index,FTSE,3500,0.02,0.000571429,7036.8,7052.5,0.07,39,1.11,2015/04/23,10:30,2015/04/24,13:41,1127.9,7049,0.04,,61.17,,,,,,,
Short,4,John,Commodity,Gold,1000,0.08,0.008,1188.05,1177.9,0.08,85,8.5,2015/04/24,13:10,2015/04/24,14:45,7742.5,1187,0,,60.78,,,,,,,
Long,4,John,Index,DAX,3500,0.01,0.000285714,11721,11689.5,0.04,-46,-1.31,2015/04/23,10:47,2015/04/23,11:31,12909.28,11690,0,,59.93,,,,,,,
Short,4,John,Index,NDX,3500,0.04,0.001142857,4434.7,4460.1,0.12,-101,-2.89,2015/04/21,14:52,2015/04/22,18:11,3993.6,4460,0.01,,60.39,,,,,,,
Short,4,John,Forex,GBP/USD,2000,200,10,1.4907,1.4894,0.08,26,1.3,2015/04/20,12:57,2015/04/21,12:00,1.4407,1.4901,0.01,,61.4,,,,,,,
Long,4,John,Forex,USD/JPY,3000,300,10,119.08,118.79,0.05,-73,-2.43,2015/04/17,14:00,2015/04/17,18:28,0.7564,118.8,0,,61.14,,,,,,,
Long,4,John,Commodity,Gold,3000,0.25,0.008333333,1207,1203,0.23,-100,-3.33,2015/04/17,10:18,2015/04/17,11:15,125.34,1203,0,,61.87,,,,,,,
Short,4,John,Forex,AUD/USD,2000,500,25,0.7764,0.7788,0.2,-120,-6,2015/04/17,15:34,2015/04/17,19:12,17059.75,0.7788,0,,62.87,,,,,,,
Short,4,John,Index,INDU,3000,0.02,0.000666667,17967.5,17958.5,0.1,15,0.5,2015/04/17,13:29,2015/04/17,13:34,1266.9,17980,0,,64.07,,,,,,,
Long,4,John,Forex,USD/CAD,2500,250,10,1.235,1.2287,0.06,-128,-5.12,2015/04/15,17:02,2015/04/15,17:25,1.299,1.229,0,,63.92,,,,,,,
Long,4,John,Forex,EUR/USD,3000,300,10,1.0555,1.0648,0.09,279,9.3,2015/04/14,10:11,2015/04/14,18:33,1.1055,1.0648,0,,65.2,,,,,,,
Long,4,John,Forex,EUR/GBP,3000,300,10,0.7218,0.7214,0.18,-18,-0.6,2015/04/14,11:11,2015/04/14,16:00,0.7558,0.7209,0,,62.41,,,,,,,
Short,4,John,Forex,EUR/GBP,3000,300,10,0.7219,0.7219,0.18,0,0,2015/04/13,16:13,2015/04/14,11:04,0.6879,0.724,0,,62.59,,,,,,,
Long,4,John,Forex,EUR/GBP,3000,150,5,0.7229,0.7219,0.09,-22,-0.73,2015/04/13,14:00,2015/04/13,16:01,0.7909,0.72,0,,62.59,,,,,,,
Long,4,John,Index,DAX,3000,0.02,0.000666667,12384,12356.5,0.07,-67,-2.23,2015/04/13,09:54,2015/04/13,13:08,11116.75,12325,0,,62.81,,,,,,,
Long,4,John,Index,DAX,3500,0.04,0.001142857,12096.8,12335.3,0.13,980,28,2015/04/09,00:00,2015/04/13,08:48,11112.35,12170,0.08,,63.48,,,,,,,
Short,4,John,Index,DAX,3000,0.01,0.000333333,12355.3,12379.3,0.04,-29,-0.97,2015/04/13,13:46,2015/04/13,14:16,13004.97,12378,0,,53.68,,,,,,,
Short,4,John,Index,DAX,3000,0.01,0.000333333,12356,12367,0.04,-13,-0.43,2015/04/13,13:10,2015/04/13,13:30,0.705,12400,0,,53.97,,,,,,,
Short,4,John,Forex,EUR/GBP,2000,200,10,0.7238,0.7226,0.12,35,1.75,2015/04/13,08:34,2015/04/13,13:07,12115.3,0.723,0,,54.1,,,,,,,
Short,4,John,Index,DAX,3260,0.02,0.000613497,12335.5,12388.3,0.08,-138,-4.23,2015/04/13,08:49,2015/04/13,09:03,13250,12388,0,,53.75,,,,,,,
Short,4,John,Forex,EUR/GBP,2000,500,25,0.7239,0.7266,0.29,-197,-9.85,2015/04/10,00:00,2015/04/13,07:02,0.704,0.728,0,,55.13,,,,,,,
Long,4,John,Forex,EUR/USD,3000,300,10,1.0748,1.0707,0.09,-123,-4.1,2015/04/09,00:00,2015/04/09,14:16,1.1249,1.0695,0,,57.1,,,,,,,
Long,4,John,Forex,AUD/USD,3000,300,10,0.7567,0.766,0.12,279,9.3,2015/04/02,00:00,2015/04/09,00:39,0.8067,0.766,-0.01,,58.33,,,,,,,
Long,4,John,Index,DAX,3500,0.02,0.000571429,12099.5,12024.5,0.06,-158,-4.51,2015/04/08,00:00,2015/04/08,14:40,4095.4,12025,0,,55.54,,,,,,,
Short,4,John,Index,NDX,3500,0.07,0.002,4345.4,4380.2,0.21,-244,-6.97,2015/04/08,00:00,2015/04/08,18:17,12905.69,4380,0,,57.12,,,,,,,
Long,4,John,Forex,GBP/USD,3500,350,10,1.4917,1.4847,0.14,-245,-7,2015/04/05,00:00,2015/04/07,08:38,1.5325,1.4848,0,,59.56,,,,,,,
Long,4,John,Index,DAX,3000,0.03,0.001,11995,11963,0.11,-116,-3.87,2015/04/02,00:00,2015/04/02,14:46,11504.87,11950,0,,62.01,,,,,,,
Long,4,John,Forex,USD/JPY,3218,321.78,9.999378496,119.8,119.64,0.05,-43,-1.34,2015/04/02,00:00,2015/04/02,13:46,12454.55,119.4,0,,63.17,,,,,,,
Short,4,John,Index,DAX,3000,0.03,0.001,11964,11981,0.11,-62,-2.07,2015/04/02,00:00,2015/04/02,14:57,126.11,11980,0,,63.6,,,,,,,
Short,4,John,Index,NDX,3000,0.12,0.004,4365.1,4316.7,0.36,581,19.37,2015/03/31,14:10,2015/04/02,13:17,4105,4360,0.17,,64.22,,,,,,,
Short,4,John,Forex,AUD/USD,3500,350,10,0.7622,0.756,0.14,217,6.2,2015/04/01,00:00,2015/04/02,12:51,0.7123,0.756,0.11,,58.41,,,,,,,
Short,4,John,Forex,USD/JPY,3257,814.35,25.00307031,119.53,119.75,0.14,-150,-4.61,2015/04/01,00:00,2015/04/02,12:31,117.19,119.9,0.07,,56.24,,,,,,,
Short,4,John,Forex,AUD/USD,3000,300,10,0.759,0.7616,0.12,-78,-2.6,2015/04/01,00:00,2015/04/01,12:16,0.718,0.7645,0,,57.74,,,,,,,
Long,3,John,Index,DAX,2000,0.02,0.001,12040.5,12057,0.07,40,2,2015/03/30,13:39,2015/03/31,06:15,12498.77,12042,0.02,,58.52,,,,,,,
Long,3,John,Index,NDX,3000,0.12,0.004,4337.2,4369.6,0.36,389,12.97,2015/03/27,15:15,2015/03/31,06:15,4462.3,4353,-0.09,,58.12,,,,,,,
Long,3,John,Forex,GBP/USD,3000,750,25,1.4898,1.484,0.3,-435,-14.5,2015/03/29,22:21,2015/03/30,06:06,1.5305,1.484,0,,54.23,,,,,,,
Short,3,John,Forex,USD/JPY,3000,300,10,119.09,119.25,0.05,-40,-1.33,2015/03/27,16:13,2015/03/29,22:17,113.48,119.55,0.01,,58.58,,,,,,,
Long,3,John,Index,FTSE,3000,0.03,0.001,6853,6846.3,0.15,-33,-1.1,2015/03/27,14:44,2015/03/27,16:12,7188.34,6830.46,0,,58.98,,,,,,,
Long,3,John,Commodity,Oil,3000,2.73,0.091,50.29,49.79,0.27,-136,-4.53,2015/03/27,09:57,2015/03/27,13:50,118.64,49.8,0,,59.31,,,,,,,
Long,3,John,Forex,USD/JPY,2000,500,25,119.36,119.34,0.08,-8,-0.4,2015/03/27,10:03,2015/03/27,11:02,50.6,118.8,0,,60.67,,,,,,,
Long,3,John,Forex,AUD/USD,4000,1000,25,0.7797,0.7788,0.4,-90,-2.25,2015/03/27,07:27,2015/03/27,10:21,0.7591,0.774,0,,60.75,,,,,,,
Short,3,John,Forex,USD/JPY,3000,750,25,119.36,119.12,0.13,151,5.03,2015/03/27,11:02,2015/03/27,14:53,121.78,119.6,0,,61.65,,,,,,,
Short,3,John,Forex,AUD/USD,3000,750,25,0.7792,0.7807,0.3,-113,-3.77,2015/03/27,10:44,2015/03/27,11:24,0.8199,0.782,0,,60.14,,,,,,,
Long,3,John,Equity,FSLR,2000,0.32,0.016,62.58,59.56,0.04,-97,-4.85,2015/03/24,20:33,2015/03/26,20:33,0,0,0,,61.27,,,,,,,
Long,3,John,Equity,NVDA,1000,0.45,0.045,22.33,20.95,0.02,-62,-6.2,2015/02/24,21:32,2015/03/26,20:33,0,0,0,,62.24,,,,,,,
Long,3,John,Index,SPX,3000,0.25,0.008333333,2057.5,2057.7,0.25,5,0.17,2015/03/26,15:38,2015/03/26,16:27,2083,2054,0,,62.86,,,,,,,
Long,3,John,Forex,EUR/USD,2000,200,10,1.0954,1.0974,0.06,40,2,2015/03/25,10:10,2015/03/26,12:52,1.1454,1.088,0.02,,62.81,,,,,,,
Long,3,John,Index,SPX,3000,0.25,0.008333333,2045.4,2046.9,0.25,38,1.27,2015/03/26,10:20,2015/03/26,11:00,2060,2046,0,,62.41,,,,,,,
Long,3,John,Index,SPX,2000,0.17,0.0085,2071.5,2065,0.17,-108,-5.4,2015/03/25,17:34,2015/03/25,19:27,2130.3,2065,0,,62.03,,,,,,,
Long,3,John,Index,DAX,2000,0.01,0.0005,11956,11933,0.04,-28,-1.4,2015/03/25,10:46,2015/03/25,15:12,11476.38,11750,0,,63.11,,,,,,,
Long,3,John,Forex,AUD/USD,3000,300,10,0.7886,0.7854,0.12,-96,-3.2,2015/03/25,11:25,2015/03/25,14:42,12868.78,0.783,0,,63.39,,,,,,,
Short,3,John,Index,DAX,2000,0.02,0.001,11930.3,11868.5,0.07,151,7.55,2015/03/25,15:14,2015/03/25,17:29,0.8386,11920,0,,64.35,,,,,,,
Long,3,John,Commodity,Oil,3000,2.73,0.091,47.72,47.29,0.27,-117,-3.9,2015/03/24,15:15,2015/03/24,15:44,50.85,46.89,0,,62.84,,,,,,,
Long,3,John,Forex,EUR/USD,4000,1000,25,1.067,1.0923,0.3,2530,63.25,2015/03/19,14:00,2015/03/24,13:39,1.1149,1.089,0.09,,64.01,,,,,,,
Long,3,John,Forex,AUD/USD,4000,1000,25,0.7686,0.789,0.4,2040,51,2015/03/19,11:07,2015/03/24,13:34,0.82,0.782,-0.06,,38.71,,,,,,,
Short,3,John,Commodity,Oil,2000,1.82,0.091,42.11,42.6,0.18,-89,-4.45,2015/03/18,14:32,2015/03/18,16:30,36.67,44.4,0,,18.31,,,,,,,
Short,3,John,Index,SPX,2000,0.17,0.0085,2064.7,2070,0.17,-88,-4.4,2015/03/18,13:57,2015/03/18,14:12,2042.9,2070,0,,19.2,,,,,,,
Long,3,John,Equity,GOOG,1000,0.02,0.002,556.07,553.96,0.02,-4,-0.4,2015/03/12,00:00,2015/03/16,20:35,24999997.5,0,0,,20.08,,,,,,,
Long,3,John,Equity,LNKD,1000,0.04,0.004,264.52,259.91,0.02,-17,-1.7,2015/02/24,21:32,2015/03/16,20:35,24999997.5,0,0,,20.12,,,,,,,
Long,3,John,Commodity,Silver,2000,2,0.1,15.69,15.54,0.1,-30,-1.5,2015/03/16,14:01,2015/03/16,14:27,20.69,15.46,0,,20.29,,,,,,,
Long,3,John,Forex,USD/CAD,1500,75,5,1.2732,1.2772,0.02,23,1.53,2015/03/13,09:50,2015/03/16,13:39,1.7361,1.26,0,,20.59,,,,,,,
Long,3,John,Forex,USD/JPY,2000,100,5,119.73,121.14,0.02,116,5.8,2015/03/04,00:00,2015/03/16,13:39,132.91,119.25,0,,20.36,,,,,,,
Long,3,John,Index,FTSE,1500,0.01,0.000666667,6756.8,6734.3,0.04,-28,-1.87,2015/03/13,11:18,2015/03/13,14:45,8105.41,6720,0,,19.2,,,,,,,
Long,3,John,Forex,EUR/USD,1500,75,5,1.0598,1.0566,0.02,-24,-1.6,2015/03/13,10:35,2015/03/13,11:59,1.3264,1.049,0,,19.48,,,,,,,
Long,3,John,Index,DAX,1000,0.01,0.001,11815.5,11761,0.02,-32,-3.2,2015/03/12,00:00,2015/03/13,10:19,12288.68,11740.62,0.01,,19.72,,,,,,,
Long,3,John,Forex,EUR/GBP,2000,1000,50,0.707,0.7121,0.6,760,38,2015/03/12,00:00,2015/03/12,15:57,0.7385,0.7105,0,,20.04,,,,,,,
Short,3,John,Forex,GBP/USD,1500,30,2,1.5047,1.4998,0.01,15,1,2015/03/11,00:00,2015/03/12,09:46,0.8394,1.503,0.01,,12.44,,,,,,,
Long,3,John,Commodity,Oil,1500,0.68,0.045333333,49.72,48.14,0.07,-108,-7.2,2015/03/09,00:00,2015/03/11,14:00,79.15,44,0,,12.29,,,,,,,
Short,3,John,Index,DAX,1000,0.01,0.001,11470,11466,0.02,2,0.2,2015/03/10,00:00,2015/03/10,14:06,10958.76,11500,0,,13.37,,,,,,,
Long,3,John,Forex,EUR/GBP,1500,750,50,0.7205,0.719,0.45,-170,-11.33,2015/03/09,00:00,2015/03/09,12:00,0.7381,0.718,0,,13.35,,,,,,,
Long,3,John,Commodity,Gold,1500,0.1,0.006666667,1208.03,1196.05,0.09,-120,-8,2015/02/25,11:06,2015/03/06,10:49,1283.02,1185,0.11,,15.05,,,,,,,
Long,3,John,Forex,USD/CAD,2000,200,10,1.2521,1.2484,0.05,-59,-2.95,2015/03/04,00:00,2015/03/04,15:00,1.3176,1.2384,0,,16.25,,,,,,,
Long,3,John,Forex,AUD/USD,1500,375,25,0.7837,0.7795,0.15,-158,-10.53,2015/03/03,00:00,2015/03/04,00:30,0.8037,0.7795,-0.01,,16.84,,,,,,,
Long,3,John,Equity,AAPL,2000,0.27,0.0135,74.54,129.23,0.04,1468,73.4,2013/10/21,19:31,2015/03/03,21:32,24999997.5,0,0,,18.42,,,,,,,
Short,3,John,Index,SPX,2000,0.08,0.004,2107.65,2114.35,0.08,-56,-2.8,2015/02/27,10:38,2015/03/03,10:03,1982.4,2125,0,,3.74,,,,,,,
Long,3,John,Index,DAX,2000,0.02,0.001,11140,11390,0.08,624,31.2,2015/02/24,15:16,2015/03/02,12:04,11999,11390,0.13,,4.3,,,,,,,
Short,2,John,Index,FTSE,2000,0.02,0.001,6930,6959.5,0.1,-101,-5.05,2015/02/25,10:52,2015/02/26,16:44,6607.59,6975,0.1,,-1.94,,,,,,,
Long,2,John,Index,DAX,2500,0.01,0.0004,11136,11115,0.02,-13,-0.52,2015/02/24,14:50,2015/02/24,15:01,2047.38,11115,0,,-0.93,,,,,,,
Short,2,John,Index,SPX,1000,0.08,0.008,2105.85,2111.65,0.08,-48,-4.8,2015/02/24,15:00,2015/02/24,15:09,12237.7,2115,0,,-0.8,,,,,,,
Short,2,John,Index,SPX,1100,0.09,0.008181818,2108.65,2112.15,0.09,-32,-2.91,2015/02/24,14:39,2015/02/24,14:51,2086,2112,0,,-0.32,,,,,,,
Short,2,John,Index,SPX,100,0,0,2108.65,2109.85,0,0,0,2015/02/24,14:37,2015/02/24,14:37,0,2109.28,0,,0,,,,,,,
