sym,MDEntrySize,MDEntryPx,MDEntryType,FloorCode,MDVWAP,MDTWAP
EUR/USD,5000000,1.121,0,,1.121,1.121
EUR/USD,2000000,1.1209,0,,1.1209,1.1209
EUR/USD,4000000,1.1208,0,,1.1208,1.1208
EUR/USD,4000000,1.1207,0,3,1.1207,1.1207
EUR/USD,3000000,1.1206,0,2,1.1206,1.1206
EUR/USD,3000000,1.1205,0,3,1.1205,1.1205
EUR/USD,5000000,1.1212,1,2,1.1212,1.1212
EUR/USD,2000000,1.1213,1,3,1.1213,1.1213
EUR/USD,6000000,1.1214,1,,1.1214,1.1214
EUR/USD,1000000,1.1215,1,3,1.1215,1.1215
EUR/USD,3000000,1.1216,1,,1.1216,1.1216
EUR/USD,1000000,1.1217,1,3,1.1217,1.1217
EUR/CHF,3000000,1.0851,0,3,1.0851,1.0851
EUR/CHF,3000000,1.085,0,1,1.085,1.085
EUR/CHF,6000000,1.0849,0,3,1.0849,1.0849
EUR/CHF,5000000,1.0848,0,3,1.0848,1.0848
EUR/CHF,3000000,1.0847,0,,1.0847,1.0847
EUR/CHF,6000000,1.0846,0,3,1.0846,1.0846
EUR/CHF,4000000,1.0853,1,1,1.0853,1.0853
EUR/CHF,3000000,1.0854,1,2,1.0854,1.0854
EUR/CHF,4000000,1.0855,1,2,1.0855,1.0855
EUR/CHF,2000000,1.0856,1,3,1.0856,1.0856
EUR/CHF,1000000,1.0857,1,2,1.0857,1.0857
EUR/CHF,3000000,1.0858,1,2,1.0858,1.0858
EUR/GBP,3000000,0.8542,0,2,0.8542,0.8542
EUR/GBP,1000000,0.8541,0,3,0.8541,0.8541
EUR/GBP,6000000,0.854,0,3,0.854,0.854
EUR/GBP,4000000,0.8539,0,2,0.8539,0.8539
EUR/GBP,1000000,0.8538,0,,0.8538,0.8538
EUR/GBP,6000000,0.8537,0,2,0.8537,0.8537
EUR/GBP,1000000,0.8544,1,2,0.8544,0.8544
EUR/GBP,5000000,0.8545,1,2,0.8545,0.8545
EUR/GBP,4000000,0.8546,1,3,0.8546,0.8546
EUR/GBP,1000000,0.8547,1,3,0.8547,0.8547
EUR/GBP,5000000,0.8548,1,3,0.8548,0.8548
EUR/GBP,1000000,0.8549,1,,0.8549,0.8549
EUR/JPY,4000000,122.0793,0,2,122.0793,122.0793
EUR/JPY,4000000,122.0693,0,2,122.0693,122.0693
EUR/JPY,1000000,122.0593,0,3,122.0593,122.0593
EUR/JPY,4000000,122.0493,0,2,122.0493,122.0493
EUR/JPY,6000000,122.0393,0,,122.0393,122.0393
EUR/JPY,6000000,122.0293,0,1,122.0293,122.0293
EUR/JPY,6000000,122.0993,1,1,122.0993,122.0993
EUR/JPY,3000000,122.1093,1,1,122.1093,122.1093
EUR/JPY,1000000,122.1193,1,,122.1193,122.1193
EUR/JPY,3000000,122.1293,1,,122.1293,122.1293
EUR/JPY,3000000,122.1393,1,,122.1393,122.1393
EUR/JPY,5000000,122.1493,1,3,122.1493,122.1493
EUR/AUD,1000000,1.6013,0,3,1.6013,1.6013
EUR/AUD,2000000,1.6012,0,3,1.6012,1.6012
EUR/AUD,6000000,1.6011,0,,1.6011,1.6011
EUR/AUD,6000000,1.601,0,3,1.601,1.601
EUR/AUD,2000000,1.6009,0,2,1.6009,1.6009
EUR/AUD,5000000,1.6008,0,,1.6008,1.6008
EUR/AUD,6000000,1.6015,1,3,1.6015,1.6015
EUR/AUD,3000000,1.6016,1,1,1.6016,1.6016
EUR/AUD,4000000,1.6017,1,,1.6017,1.6017
EUR/AUD,3000000,1.6018,1,2,1.6018,1.6018
EUR/AUD,1000000,1.6019,1,2,1.6019,1.6019
EUR/AUD,5000000,1.602,1,3,1.602,1.602
USD/CAD,1000000,1.3056,0,,1.3056,1.3056
USD/CAD,2000000,1.3055,0,2,1.3055,1.3055
USD/CAD,4000000,1.3054,0,1,1.3054,1.3054
USD/CAD,2000000,1.3053,0,3,1.3053,1.3053
USD/CAD,1000000,1.3052,0,1,1.3052,1.3052
USD/CAD,3000000,1.3051,0,1,1.3051,1.3051
USD/CAD,4000000,1.3058,1,2,1.3058,1.3058
USD/CAD,2000000,1.3059,1,2,1.3059,1.3059
USD/CAD,4000000,1.306,1,1,1.306,1.306
USD/CAD,6000000,1.3061,1,2,1.3061,1.3061
USD/CAD,5000000,1.3062,1,,1.3062,1.3062
USD/CAD,4000000,1.3063,1,1,1.3063,1.3063
USD/CHF,1000000,0.9677,0,3,0.9677,0.9677
USD/CHF,1000000,0.9676,0,,0.9676,0.9676
USD/CHF,3000000,0.9675,0,3,0.9675,0.9675
USD/CHF,2000000,0.9674,0,3,0.9674,0.9674
USD/CHF,5000000,0.9673,0,1,0.9673,0.9673
USD/CHF,5000000,0.9672,0,,0.9672,0.9672
USD/CHF,6000000,0.9679,1,2,0.9679,0.9679
USD/CHF,4000000,0.968,1,2,0.968,0.968
USD/CHF,3000000,0.9681,1,,0.9681,0.9681
USD/CHF,6000000,0.9682,1,1,0.9682,0.9682
USD/CHF,4000000,0.9683,1,,0.9683,0.9683
USD/CHF,6000000,0.9684,1,2,0.9684,0.9684
USD/JPY,1000000,108.8568,0,3,108.8568,108.8568
USD/JPY,3000000,108.8468,0,2,108.8468,108.8468
USD/JPY,6000000,108.8368,0,3,108.8368,108.8368
USD/JPY,3000000,108.8268,0,,108.8268,108.8268
USD/JPY,1000000,108.8168,0,2,108.8168,108.8168
USD/JPY,2000000,108.8068,0,1,108.8068,108.8068
USD/JPY,4000000,108.8768,1,1,108.8768,108.8768
USD/JPY,4000000,108.8868,1,3,108.8868,108.8868
USD/JPY,5000000,108.8968,1,2,108.8968,108.8968
USD/JPY,2000000,108.9068,1,3,108.9068,108.9068
USD/JPY,2000000,108.9168,1,2,108.9168,108.9168
USD/JPY,3000000,108.9268,1,2,108.9268,108.9268
USD/MXN,6000000,18.9072,0,2,18.9072,18.9072
USD/MXN,1000000,18.9071,0,1,18.9071,18.9071
USD/MXN,2000000,18.907,0,2,18.907,18.907
USD/MXN,3000000,18.9069,0,2,18.9069,18.9069
USD/MXN,1000000,18.9068,0,1,18.9068,18.9068
USD/MXN,1000000,18.9067,0,3,18.9067,18.9067
USD/MXN,5000000,18.9074,1,3,18.9074,18.9074
USD/MXN,4000000,18.9075,1,2,18.9075,18.9075
USD/MXN,4000000,18.9076,1,,18.9076,18.9076
USD/MXN,4000000,18.9077,1,,18.9077,18.9077
USD/MXN,3000000,18.9078,1,2,18.9078,18.9078
USD/MXN,3000000,18.9079,1,1,18.9079,18.9079
GBP/CHF,3000000,1.27,0,2,1.27,1.27
GBP/CHF,5000000,1.2699,0,3,1.2699,1.2699
GBP/CHF,3000000,1.2698,0,,1.2698,1.2698
GBP/CHF,4000000,1.2697,0,1,1.2697,1.2697
GBP/CHF,2000000,1.2696,0,2,1.2696,1.2696
GBP/CHF,6000000,1.2695,0,3,1.2695,1.2695
GBP/CHF,5000000,1.2702,1,1,1.2702,1.2702
GBP/CHF,1000000,1.2703,1,3,1.2703,1.2703
GBP/CHF,6000000,1.2704,1,1,1.2704,1.2704
GBP/CHF,5000000,1.2705,1,1,1.2705,1.2705
GBP/CHF,3000000,1.2706,1,2,1.2706,1.2706
GBP/CHF,4000000,1.2707,1,2,1.2707,1.2707
GBP/JPY,2000000,142.8824,0,,142.8824,142.8824
GBP/JPY,5000000,142.8724,0,3,142.8724,142.8724
GBP/JPY,3000000,142.8624,0,,142.8624,142.8624
GBP/JPY,6000000,142.8524,0,3,142.8524,142.8524
GBP/JPY,5000000,142.8424,0,,142.8424,142.8424
GBP/JPY,5000000,142.8324,0,3,142.8324,142.8324
GBP/JPY,6000000,142.9024,1,2,142.9024,142.9024
GBP/JPY,2000000,142.9124,1,,142.9124,142.9124
GBP/JPY,5000000,142.9224,1,,142.9224,142.9224
GBP/JPY,4000000,142.9324,1,,142.9324,142.9324
GBP/JPY,3000000,142.9424,1,1,142.9424,142.9424
GBP/JPY,2000000,142.9524,1,1,142.9524,142.9524
GBP/USD,3000000,1.3122,0,,1.3122,1.3122
GBP/USD,6000000,1.3121,0,2,1.3121,1.3121
GBP/USD,6000000,1.312,0,1,1.312,1.312
GBP/USD,1000000,1.3119,0,1,1.3119,1.3119
GBP/USD,5000000,1.3118,0,1,1.3118,1.3118
GBP/USD,4000000,1.3117,0,3,1.3117,1.3117
GBP/USD,3000000,1.3124,1,2,1.3124,1.3124
GBP/USD,4000000,1.3125,1,2,1.3125,1.3125
GBP/USD,5000000,1.3126,1,3,1.3126,1.3126
GBP/USD,3000000,1.3127,1,3,1.3127,1.3127
GBP/USD,6000000,1.3128,1,1,1.3128,1.3128
GBP/USD,3000000,1.3129,1,3,1.3129,1.3129
AUD/JPY,5000000,76.213,0,2,76.213,76.213
AUD/JPY,2000000,76.203,0,,76.203,76.203
AUD/JPY,6000000,76.193,0,2,76.193,76.193
AUD/JPY,2000000,76.183,0,3,76.183,76.183
AUD/JPY,3000000,76.173,0,3,76.173,76.173
AUD/JPY,2000000,76.163,0,3,76.163,76.163
AUD/JPY,6000000,76.233,1,3,76.233,76.233
AUD/JPY,2000000,76.243,1,1,76.243,76.243
AUD/JPY,1000000,76.253,1,,76.253,76.253
AUD/JPY,5000000,76.263,1,,76.263,76.263
AUD/JPY,1000000,76.273,1,3,76.273,76.273
AUD/JPY,2000000,76.283,1,,76.283,76.283
AUD/USD,5000000,0.6999,0,2,0.6999,0.6999
AUD/USD,4000000,0.6998,0,1,0.6998,0.6998
AUD/USD,1000000,0.6997,0,,0.6997,0.6997
AUD/USD,2000000,0.6996,0,2,0.6996,0.6996
AUD/USD,1000000,0.6995,0,1,0.6995,0.6995
AUD/USD,5000000,0.6994,0,1,0.6994,0.6994
AUD/USD,1000000,0.7001,1,1,0.7001,0.7001
AUD/USD,3000000,0.7002,1,2,0.7002,0.7002
AUD/USD,3000000,0.7003,1,,0.7003,0.7003
AUD/USD,1000000,0.7004,1,,0.7004,0.7004
AUD/USD,2000000,0.7005,1,,0.7005,0.7005
AUD/USD,5000000,0.7006,1,,0.7006,0.7006
CHF/JPY,5000000,112.4923,0,2,112.4923,112.4923
CHF/JPY,1000000,112.4823,0,3,112.4823,112.4823
CHF/JPY,6000000,112.4723,0,3,112.4723,112.4723
CHF/JPY,4000000,112.4623,0,,112.4623,112.4623
CHF/JPY,3000000,112.4523,0,1,112.4523,112.4523
CHF/JPY,1000000,112.4423,0,1,112.4423,112.4423
CHF/JPY,2000000,112.5123,1,,112.5123,112.5123
CHF/JPY,4000000,112.5223,1,3,112.5223,112.5223
CHF/JPY,2000000,112.5323,1,2,112.5323,112.5323
CHF/JPY,6000000,112.5423,1,,112.5423,112.5423
CHF/JPY,5000000,112.5523,1,3,112.5523,112.5523
CHF/JPY,5000000,112.5623,1,2,112.5623,112.5623
NZD/JPY,4000000,73.2701,0,3,73.2701,73.2701
NZD/JPY,6000000,73.2601,0,1,73.2601,73.2601
NZD/JPY,3000000,73.2501,0,1,73.2501,73.2501
NZD/JPY,6000000,73.2401,0,2,73.2401,73.2401
NZD/JPY,4000000,73.2301,0,,73.2301,73.2301
NZD/JPY,1000000,73.2201,0,1,73.2201,73.2201
NZD/JPY,1000000,73.2901,1,3,73.2901,73.2901
NZD/JPY,3000000,73.3001,1,,73.3001,73.3001
NZD/JPY,4000000,73.3101,1,,73.3101,73.3101
NZD/JPY,4000000,73.3201,1,3,73.3201,73.3201
NZD/JPY,4000000,73.3301,1,3,73.3301,73.3301
NZD/JPY,2000000,73.3401,1,1,73.3401,73.3401
NZD/USD,1000000,0.673,0,,0.673,0.673
NZD/USD,1000000,0.6729,0,3,0.6729,0.6729
NZD/USD,5000000,0.6728,0,1,0.6728,0.6728
NZD/USD,1000000,0.6727,0,1,0.6727,0.6727
NZD/USD,4000000,0.6726,0,3,0.6726,0.6726
NZD/USD,2000000,0.6725,0,2,0.6725,0.6725
NZD/USD,2000000,0.6732,1,,0.6732,0.6732
NZD/USD,2000000,0.6733,1,1,0.6733,0.6733
NZD/USD,5000000,0.6734,1,1,0.6734,0.6734
NZD/USD,3000000,0.6735,1,1,0.6735,0.6735
NZD/USD,6000000,0.6736,1,3,0.6736,0.6736
NZD/USD,5000000,0.6737,1,2,0.6737,0.6737
XAU/USD,4000000,1,515.35,0,1,1
XAU/USD,4000000,1,515.35,0,1,1
XAU/USD,5000000,1,515.35,0,1,1
XAU/USD,2000000,1,515.35,0,1,1
XAU/USD,4000000,1,515.35,0,1,1
XAU/USD,3000000,1,515.35,0,1,1
XAU/USD,6000000,1,515.35,1,1,1
XAU/USD,5000000,1,515.35,1,1,1
XAU/USD,2000000,1,515.35,1,1,1
XAU/USD,4000000,1,515.35,1,1,1
XAU/USD,6000000,1,515.35,1,1,1
XAU/USD,5000000,1,515.35,1,1,1
EUR/CAD,4000000,1.4635,0,,1.4635,1.4635
EUR/CAD,4000000,1.4634,0,1,1.4634,1.4634
EUR/CAD,1000000,1.4633,0,1,1.4633,1.4633
EUR/CAD,2000000,1.4632,0,3,1.4632,1.4632
EUR/CAD,2000000,1.4631,0,1,1.4631,1.4631
EUR/CAD,5000000,1.463,0,,1.463,1.463
EUR/CAD,6000000,1.4637,1,,1.4637,1.4637
EUR/CAD,2000000,1.4638,1,,1.4638,1.4638
EUR/CAD,5000000,1.4639,1,,1.4639,1.4639
EUR/CAD,3000000,1.464,1,,1.464,1.464
EUR/CAD,6000000,1.4641,1,2,1.4641,1.4641
EUR/CAD,2000000,1.4642,1,1,1.4642,1.4642
AUD/CAD,3000000,0.9139,0,2,0.9139,0.9139
AUD/CAD,6000000,0.9138,0,,0.9138,0.9138
AUD/CAD,2000000,0.9137,0,1,0.9137,0.9137
AUD/CAD,6000000,0.9136,0,1,0.9136,0.9136
AUD/CAD,6000000,0.9135,0,1,0.9135,0.9135
AUD/CAD,5000000,0.9134,0,3,0.9134,0.9134
AUD/CAD,6000000,0.9141,1,2,0.9141,0.9141
AUD/CAD,1000000,0.9142,1,3,0.9142,0.9142
AUD/CAD,1000000,0.9143,1,,0.9143,0.9143
AUD/CAD,4000000,0.9144,1,1,0.9144,0.9144
AUD/CAD,4000000,0.9145,1,3,0.9145,0.9145
AUD/CAD,3000000,0.9146,1,3,0.9146,0.9146
CAD/JPY,2000000,83.377,0,2,83.377,83.377
CAD/JPY,3000000,83.367,0,2,83.367,83.367
CAD/JPY,3000000,83.357,0,1,83.357,83.357
CAD/JPY,6000000,83.347,0,,83.347,83.347
CAD/JPY,2000000,83.337,0,1,83.337,83.337
CAD/JPY,1000000,83.327,0,,83.327,83.327
CAD/JPY,3000000,83.397,1,1,83.397,83.397
CAD/JPY,2000000,83.407,1,2,83.407,83.407
CAD/JPY,4000000,83.417,1,3,83.417,83.417
CAD/JPY,2000000,83.427,1,3,83.427,83.427
CAD/JPY,3000000,83.437,1,,83.437,83.437
CAD/JPY,3000000,83.447,1,3,83.447,83.447
EUR/NZD,5000000,1.6656,0,2,1.6656,1.6656
EUR/NZD,4000000,1.6655,0,1,1.6655,1.6655
EUR/NZD,4000000,1.6654,0,1,1.6654,1.6654
EUR/NZD,3000000,1.6653,0,2,1.6653,1.6653
EUR/NZD,3000000,1.6652,0,2,1.6652,1.6652
EUR/NZD,3000000,1.6651,0,,1.6651,1.6651
EUR/NZD,4000000,1.6658,1,2,1.6658,1.6658
EUR/NZD,1000000,1.6659,1,,1.6659,1.6659
EUR/NZD,1000000,1.666,1,2,1.666,1.666
EUR/NZD,6000000,1.6661,1,1,1.6661,1.6661
EUR/NZD,6000000,1.6662,1,,1.6662,1.6662
EUR/NZD,2000000,1.6663,1,1,1.6663,1.6663
GRX/EUR,5000000,13,145.68,0,13,13
GRX/EUR,6000000,13,145.68,0,13,13
GRX/EUR,3000000,13,145.68,0,13,13
GRX/EUR,5000000,13,145.68,0,13,13
GRX/EUR,5000000,13,145.68,0,13,13
GRX/EUR,1000000,13,145.68,0,13,13
GRX/EUR,4000000,13,145.68,1,13,13
GRX/EUR,2000000,13,145.68,1,13,13
GRX/EUR,3000000,13,145.68,1,13,13
GRX/EUR,2000000,13,145.68,1,13,13
GRX/EUR,6000000,13,145.68,1,13,13
GRX/EUR,5000000,13,145.68,1,13,13
NZD/CAD,6000000,0.8785,0,3,0.8785,0.8785
NZD/CAD,4000000,0.8784,0,3,0.8784,0.8784
NZD/CAD,6000000,0.8783,0,3,0.8783,0.8783
NZD/CAD,2000000,0.8782,0,2,0.8782,0.8782
NZD/CAD,6000000,0.8781,0,2,0.8781,0.8781
NZD/CAD,5000000,0.878,0,3,0.878,0.878
NZD/CAD,4000000,0.8787,1,3,0.8787,0.8787
NZD/CAD,1000000,0.8788,1,2,0.8788,0.8788
NZD/CAD,6000000,0.8789,1,,0.8789,0.8789
NZD/CAD,6000000,0.879,1,3,0.879,0.879
NZD/CAD,2000000,0.8791,1,2,0.8791,0.8791
NZD/CAD,5000000,0.8792,1,1,0.8792,0.8792
SGD/JPY,1000000,80.7142,0,2,80.7142,80.7142
SGD/JPY,3000000,80.7042,0,2,80.7042,80.7042
SGD/JPY,4000000,80.6942,0,2,80.6942,80.6942
SGD/JPY,6000000,80.6842,0,1,80.6842,80.6842
SGD/JPY,1000000,80.6742,0,1,80.6742,80.6742
SGD/JPY,4000000,80.6642,0,2,80.6642,80.6642
SGD/JPY,4000000,80.7342,1,,80.7342,80.7342
SGD/JPY,3000000,80.7442,1,1,80.7442,80.7442
SGD/JPY,4000000,80.7542,1,1,80.7542,80.7542
SGD/JPY,5000000,80.7642,1,3,80.7642,80.7642
SGD/JPY,2000000,80.7742,1,,80.7742,80.7742
SGD/JPY,5000000,80.7842,1,,80.7842,80.7842
USD/HKD,5000000,7.7864,0,2,7.7864,7.7864
USD/HKD,3000000,7.7863,0,2,7.7863,7.7863
USD/HKD,2000000,7.7862,0,3,7.7862,7.7862
USD/HKD,5000000,7.7861,0,2,7.7861,7.7861
USD/HKD,6000000,7.786,0,,7.786,7.786
USD/HKD,1000000,7.7859,0,3,7.7859,7.7859
USD/HKD,2000000,7.7866,1,1,7.7866,7.7866
USD/HKD,4000000,7.7867,1,1,7.7867,7.7867
USD/HKD,1000000,7.7868,1,3,7.7868,7.7868
USD/HKD,2000000,7.7869,1,,7.7869,7.7869
USD/HKD,1000000,7.787,1,2,7.787,7.787
USD/HKD,1000000,7.7871,1,,7.7871,7.7871
USD/NOK,2000000,8.7998,0,2,8.7998,8.7998
USD/NOK,5000000,8.7997,0,,8.7997,8.7997
USD/NOK,2000000,8.7996,0,3,8.7996,8.7996
USD/NOK,6000000,8.7995,0,1,8.7995,8.7995
USD/NOK,6000000,8.7994,0,1,8.7994,8.7994
USD/NOK,6000000,8.7993,0,3,8.7993,8.7993
USD/NOK,3000000,8.8,1,1,8.8,8.8
USD/NOK,6000000,8.8001,1,,8.8001,8.8001
USD/NOK,4000000,8.8002,1,2,8.8002,8.8002
USD/NOK,2000000,8.8003,1,2,8.8003,8.8003
USD/NOK,2000000,8.8004,1,1,8.8004,8.8004
USD/NOK,1000000,8.8005,1,,8.8005,8.8005
USD/TRY,3000000,5.9419,0,3,5.9419,5.9419
USD/TRY,4000000,5.9418,0,1,5.9418,5.9418
USD/TRY,5000000,5.9417,0,2,5.9417,5.9417
USD/TRY,5000000,5.9416,0,,5.9416,5.9416
USD/TRY,6000000,5.9415,0,2,5.9415,5.9415
USD/TRY,1000000,5.9414,0,3,5.9414,5.9414
USD/TRY,3000000,5.9421,1,2,5.9421,5.9421
USD/TRY,2000000,5.9422,1,2,5.9422,5.9422
USD/TRY,5000000,5.9423,1,2,5.9423,5.9423
USD/TRY,2000000,5.9424,1,3,5.9424,5.9424
USD/TRY,1000000,5.9425,1,3,5.9425,5.9425
USD/TRY,1000000,5.9426,1,2,5.9426,5.9426
AUD/CHF,5000000,0.6774,0,,0.6774,0.6774
AUD/CHF,1000000,0.6773,0,,0.6773,0.6773
AUD/CHF,6000000,0.6772,0,1,0.6772,0.6772
AUD/CHF,2000000,0.6771,0,3,0.6771,0.6771
AUD/CHF,3000000,0.677,0,3,0.677,0.677
AUD/CHF,3000000,0.6769,0,2,0.6769,0.6769
AUD/CHF,5000000,0.6776,1,1,0.6776,0.6776
AUD/CHF,5000000,0.6777,1,2,0.6777,0.6777
AUD/CHF,1000000,0.6778,1,1,0.6778,0.6778
AUD/CHF,6000000,0.6779,1,2,0.6779,0.6779
AUD/CHF,6000000,0.678,1,,0.678,0.678
AUD/CHF,1000000,0.6781,1,,0.6781,0.6781
AUX/AUD,4000000,6,751.31,0,6,6
AUX/AUD,2000000,6,751.31,0,6,6
AUX/AUD,6000000,6,751.31,0,6,6
AUX/AUD,6000000,6,751.31,0,6,6
AUX/AUD,1000000,6,751.31,0,6,6
AUX/AUD,5000000,6,751.31,0,6,6
AUX/AUD,6000000,6,751.31,1,6,6
AUX/AUD,6000000,6,751.31,1,6,6
AUX/AUD,5000000,6,751.31,1,6,6
AUX/AUD,2000000,6,751.31,1,6,6
AUX/AUD,4000000,6,751.31,1,6,6
AUX/AUD,1000000,6,751.31,1,6,6
EUR/HUF,4000000,330.7519,0,1,330.7519,330.7519
EUR/HUF,3000000,330.7518,0,1,330.7518,330.7518
EUR/HUF,6000000,330.7517,0,,330.7517,330.7517
EUR/HUF,2000000,330.7516,0,1,330.7516,330.7516
EUR/HUF,5000000,330.7515,0,,330.7515,330.7515
EUR/HUF,4000000,330.7514,0,2,330.7514,330.7514
EUR/HUF,3000000,330.7521,1,1,330.7521,330.7521
EUR/HUF,1000000,330.7522,1,1,330.7522,330.7522
EUR/HUF,3000000,330.7523,1,3,330.7523,330.7523
EUR/HUF,4000000,330.7524,1,3,330.7524,330.7524
EUR/HUF,3000000,330.7525,1,1,330.7525,330.7525
EUR/HUF,4000000,330.7526,1,3,330.7526,330.7526
EUR/PLN,1000000,4.2536,0,2,4.2536,4.2536
EUR/PLN,3000000,4.2535,0,,4.2535,4.2535
EUR/PLN,6000000,4.2534,0,3,4.2534,4.2534
EUR/PLN,4000000,4.2533,0,,4.2533,4.2533
EUR/PLN,2000000,4.2532,0,3,4.2532,4.2532
EUR/PLN,4000000,4.2531,0,1,4.2531,4.2531
EUR/PLN,6000000,4.2538,1,,4.2538,4.2538
EUR/PLN,1000000,4.2539,1,2,4.2539,4.2539
EUR/PLN,6000000,4.254,1,,4.254,4.254
EUR/PLN,4000000,4.2541,1,1,4.2541,4.2541
EUR/PLN,4000000,4.2542,1,2,4.2542,4.2542
EUR/PLN,1000000,4.2543,1,2,4.2543,4.2543
FRX/EUR,1000000,5,990.55,0,5,5
FRX/EUR,5000000,5,990.55,0,5,5
FRX/EUR,5000000,5,990.55,0,5,5
FRX/EUR,1000000,5,990.55,0,5,5
FRX/EUR,1000000,5,990.55,0,5,5
FRX/EUR,5000000,5,990.55,0,5,5
FRX/EUR,5000000,5,990.55,1,5,5
FRX/EUR,1000000,5,990.55,1,5,5
FRX/EUR,4000000,5,990.55,1,5,5
FRX/EUR,4000000,5,990.56,1,5,5
FRX/EUR,4000000,5,990.56,1,5,5
FRX/EUR,5000000,5,990.56,1,5,5
HKX/HKD,1000000,,0,1,,
HKX/HKD,3000000,,0,2,,
HKX/HKD,4000000,,0,1,,
HKX/HKD,6000000,,0,3,,
HKX/HKD,1000000,,0,,,
HKX/HKD,6000000,,0,2,,
HKX/HKD,4000000,,1,2,,
HKX/HKD,2000000,,1,1,,
HKX/HKD,2000000,,1,3,,
HKX/HKD,2000000,,1,3,,
HKX/HKD,6000000,,1,1,,
HKX/HKD,6000000,,1,3,,
NZD/CHF,2000000,0.6513,0,,0.6513,0.6513
NZD/CHF,6000000,0.6512,0,1,0.6512,0.6512
NZD/CHF,5000000,0.6511,0,2,0.6511,0.6511
NZD/CHF,2000000,0.651,0,1,0.651,0.651
NZD/CHF,2000000,0.6509,0,1,0.6509,0.6509
NZD/CHF,5000000,0.6508,0,1,0.6508,0.6508
NZD/CHF,4000000,0.6515,1,,0.6515,0.6515
NZD/CHF,3000000,0.6516,1,2,0.6516,0.6516
NZD/CHF,4000000,0.6517,1,2,0.6517,0.6517
NZD/CHF,3000000,0.6518,1,2,0.6518,0.6518
NZD/CHF,3000000,0.6519,1,2,0.6519,0.6519
NZD/CHF,6000000,0.652,1,1,0.652,0.652
SPX/USD,5000000,3,227.03,0,3,3
SPX/USD,4000000,3,227.03,0,3,3
SPX/USD,6000000,3,227.03,0,3,3
SPX/USD,5000000,3,227.03,0,3,3
SPX/USD,3000000,3,227.03,0,3,3
SPX/USD,1000000,3,227.03,0,3,3
SPX/USD,4000000,3,227.03,1,3,3
SPX/USD,5000000,3,227.03,1,3,3
SPX/USD,3000000,3,227.03,1,3,3
SPX/USD,1000000,3,227.03,1,3,3
SPX/USD,5000000,3,227.03,1,3,3
SPX/USD,4000000,3,227.03,1,3,3
USD/HUF,2000000,294.9946,0,3,294.9946,294.9946
USD/HUF,2000000,294.9945,0,2,294.9945,294.9945
USD/HUF,5000000,294.9944,0,,294.9944,294.9944
USD/HUF,5000000,294.9943,0,3,294.9943,294.9943
USD/HUF,1000000,294.9942,0,3,294.9942,294.9942
USD/HUF,6000000,294.9941,0,,294.9941,294.9941
USD/HUF,2000000,294.9948,1,3,294.9948,294.9948
USD/HUF,4000000,294.9949,1,1,294.9949,294.9949
USD/HUF,3000000,294.995,1,,294.995,294.995
USD/HUF,5000000,294.9951,1,,294.9951,294.9951
USD/HUF,1000000,294.9952,1,1,294.9952,294.9952
USD/HUF,3000000,294.9953,1,1,294.9953,294.9953
USD/PLN,3000000,3.7941,0,,3.7941,3.7941
USD/PLN,4000000,3.794,0,2,3.794,3.794
USD/PLN,5000000,3.7939,0,1,3.7939,3.7939
USD/PLN,2000000,3.7938,0,,3.7938,3.7938
USD/PLN,2000000,3.7937,0,,3.7937,3.7937
USD/PLN,5000000,3.7936,0,2,3.7936,3.7936
USD/PLN,2000000,3.7943,1,1,3.7943,3.7943
USD/PLN,1000000,3.7944,1,1,3.7944,3.7944
USD/PLN,5000000,3.7945,1,2,3.7945,3.7945
USD/PLN,3000000,3.7946,1,2,3.7946,3.7946
USD/PLN,1000000,3.7947,1,3,3.7947,3.7947
USD/PLN,3000000,3.7948,1,1,3.7948,3.7948
USD/ZAR,1000000,14.0808,0,,14.0808,14.0808
USD/ZAR,1000000,14.0798,0,,14.0798,14.0798
USD/ZAR,5000000,14.0788,0,3,14.0788,14.0788
USD/ZAR,3000000,14.0778,0,2,14.0778,14.0778
USD/ZAR,3000000,14.0768,0,1,14.0768,14.0768
USD/ZAR,3000000,14.0758,0,,14.0758,14.0758
USD/ZAR,4000000,14.0828,1,,14.0828,14.0828
USD/ZAR,4000000,14.0838,1,1,14.0838,14.0838
USD/ZAR,4000000,14.0848,1,2,14.0848,14.0848
USD/ZAR,5000000,14.0858,1,,14.0858,14.0858
USD/ZAR,1000000,14.0868,1,1,14.0868,14.0868
USD/ZAR,5000000,14.0878,1,1,14.0878,14.0878
ZAR/JPY,6000000,7.7132,0,2,7.7132,7.7132
ZAR/JPY,4000000,7.7032,0,3,7.7032,7.7032
ZAR/JPY,4000000,7.6932,0,1,7.6932,7.6932
ZAR/JPY,5000000,7.6832,0,2,7.6832,7.6832
ZAR/JPY,4000000,7.6732,0,,7.6732,7.6732
ZAR/JPY,1000000,7.6632,0,3,7.6632,7.6632
ZAR/JPY,4000000,7.7332,1,3,7.7332,7.7332
ZAR/JPY,1000000,7.7432,1,2,7.7432,7.7432
ZAR/JPY,2000000,7.7532,1,1,7.7532,7.7532
ZAR/JPY,6000000,7.7632,1,3,7.7632,7.7632
ZAR/JPY,5000000,7.7732,1,1,7.7732,7.7732
ZAR/JPY,4000000,7.7832,1,,7.7832,7.7832
BCO/USD,4000000,66.5663,0,3,66.5663,66.5663
BCO/USD,4000000,66.5662,0,,66.5662,66.5662
BCO/USD,3000000,66.5661,0,2,66.5661,66.5661
BCO/USD,1000000,66.566,0,,66.566,66.566
BCO/USD,1000000,66.5659,0,2,66.5659,66.5659
BCO/USD,3000000,66.5658,0,2,66.5658,66.5658
BCO/USD,2000000,66.5665,1,3,66.5665,66.5665
BCO/USD,6000000,66.5666,1,2,66.5666,66.5666
BCO/USD,1000000,66.5667,1,3,66.5667,66.5667
BCO/USD,6000000,66.5668,1,3,66.5668,66.5668
BCO/USD,4000000,66.5669,1,3,66.5669,66.5669
BCO/USD,2000000,66.567,1,1,66.567,66.567
EUR/CZK,3000000,25.4035,0,3,25.4035,25.4035
EUR/CZK,4000000,25.4034,0,1,25.4034,25.4034
EUR/CZK,4000000,25.4033,0,,25.4033,25.4033
EUR/CZK,4000000,25.4032,0,1,25.4032,25.4032
EUR/CZK,2000000,25.4031,0,2,25.4031,25.4031
EUR/CZK,1000000,25.403,0,3,25.403,25.403
EUR/CZK,1000000,25.4037,1,,25.4037,25.4037
EUR/CZK,2000000,25.4038,1,2,25.4038,25.4038
EUR/CZK,2000000,25.4039,1,,25.4039,25.4039
EUR/CZK,5000000,25.404,1,,25.404,25.404
EUR/CZK,1000000,25.4041,1,1,25.4041,25.4041
EUR/CZK,3000000,25.4042,1,3,25.4042,25.4042
EUR/SEK,2000000,10.4545,0,1,10.4545,10.4545
EUR/SEK,1000000,10.4544,0,3,10.4544,10.4544
EUR/SEK,4000000,10.4543,0,,10.4543,10.4543
EUR/SEK,3000000,10.4542,0,1,10.4542,10.4542
EUR/SEK,3000000,10.4541,0,1,10.4541,10.4541
EUR/SEK,4000000,10.454,0,1,10.454,10.454
EUR/SEK,2000000,10.4547,1,1,10.4547,10.4547
EUR/SEK,1000000,10.4548,1,3,10.4548,10.4548
EUR/SEK,3000000,10.4549,1,3,10.4549,10.4549
EUR/SEK,2000000,10.455,1,1,10.455,10.455
EUR/SEK,1000000,10.4551,1,3,10.4551,10.4551
EUR/SEK,4000000,10.4552,1,,10.4552,10.4552
GBP/AUD,3000000,1.8742,0,3,1.8742,1.8742
GBP/AUD,6000000,1.8741,0,1,1.8741,1.8741
GBP/AUD,3000000,1.874,0,2,1.874,1.874
GBP/AUD,1000000,1.8739,0,2,1.8739,1.8739
GBP/AUD,1000000,1.8738,0,1,1.8738,1.8738
GBP/AUD,1000000,1.8737,0,2,1.8737,1.8737
GBP/AUD,4000000,1.8744,1,3,1.8744,1.8744
GBP/AUD,3000000,1.8745,1,,1.8745,1.8745
GBP/AUD,3000000,1.8746,1,,1.8746,1.8746
GBP/AUD,2000000,1.8747,1,1,1.8747,1.8747
GBP/AUD,4000000,1.8748,1,2,1.8748,1.8748
GBP/AUD,2000000,1.8749,1,,1.8749,1.8749
GBP/NZD,6000000,1.9493,0,3,1.9493,1.9493
GBP/NZD,1000000,1.9492,0,,1.9492,1.9492
GBP/NZD,3000000,1.9491,0,3,1.9491,1.9491
GBP/NZD,4000000,1.949,0,1,1.949,1.949
GBP/NZD,1000000,1.9489,0,1,1.9489,1.9489
GBP/NZD,5000000,1.9488,0,3,1.9488,1.9488
GBP/NZD,5000000,1.9495,1,3,1.9495,1.9495
GBP/NZD,2000000,1.9496,1,1,1.9496,1.9496
GBP/NZD,2000000,1.9497,1,2,1.9497,1.9497
GBP/NZD,5000000,1.9498,1,,1.9498,1.9498
GBP/NZD,6000000,1.9499,1,2,1.9499,1.9499
GBP/NZD,1000000,1.95,1,1,1.95,1.95
JPX/JPY,1000000,23,502.97,0,23,23
JPX/JPY,6000000,23,502.96,0,23,23
JPX/JPY,3000000,23,502.95,0,23,23
JPX/JPY,3000000,23,502.94,0,23,23
JPX/JPY,2000000,23,502.93,0,23,23
JPX/JPY,4000000,23,502.92,0,23,23
JPX/JPY,4000000,23,502.99,1,23,23
JPX/JPY,5000000,23,503,1,23,23
JPX/JPY,5000000,23,503.01,1,23,23
JPX/JPY,2000000,23,503.02,1,23,23
JPX/JPY,3000000,23,503.03,1,23,23
JPX/JPY,5000000,23,503.04,1,23,23
UDX/USD,5000000,96.3249,0,2,96.3249,96.3249
UDX/USD,3000000,96.3248,0,1,96.3248,96.3248
UDX/USD,2000000,96.3247,0,,96.3247,96.3247
UDX/USD,2000000,96.3246,0,1,96.3246,96.3246
UDX/USD,4000000,96.3245,0,2,96.3245,96.3245
UDX/USD,6000000,96.3244,0,2,96.3244,96.3244
UDX/USD,4000000,96.3251,1,1,96.3251,96.3251
UDX/USD,2000000,96.3252,1,3,96.3252,96.3252
UDX/USD,4000000,96.3253,1,,96.3253,96.3253
UDX/USD,3000000,96.3254,1,3,96.3254,96.3254
UDX/USD,1000000,96.3255,1,1,96.3255,96.3255
UDX/USD,5000000,96.3256,1,1,96.3256,96.3256
USD/CZK,2000000,22.6612,0,1,22.6612,22.6612
USD/CZK,3000000,22.6611,0,2,22.6611,22.6611
USD/CZK,6000000,22.661,0,3,22.661,22.661
USD/CZK,4000000,22.6609,0,,22.6609,22.6609
USD/CZK,4000000,22.6608,0,3,22.6608,22.6608
USD/CZK,3000000,22.6607,0,,22.6607,22.6607
USD/CZK,3000000,22.6614,1,3,22.6614,22.6614
USD/CZK,3000000,22.6615,1,2,22.6615,22.6615
USD/CZK,1000000,22.6616,1,3,22.6616,22.6616
USD/CZK,3000000,22.6617,1,2,22.6617,22.6617
USD/CZK,1000000,22.6618,1,,22.6618,22.6618
USD/CZK,6000000,22.6619,1,2,22.6619,22.6619
USD/SEK,4000000,9.3243,0,1,9.3243,9.3243
USD/SEK,6000000,9.3242,0,1,9.3242,9.3242
USD/SEK,2000000,9.3241,0,2,9.3241,9.3241
USD/SEK,4000000,9.324,0,1,9.324,9.324
USD/SEK,4000000,9.3239,0,,9.3239,9.3239
USD/SEK,5000000,9.3238,0,3,9.3238,9.3238
USD/SEK,1000000,9.3245,1,3,9.3245,9.3245
USD/SEK,5000000,9.3246,1,1,9.3246,9.3246
USD/SEK,3000000,9.3247,1,,9.3247,9.3247
USD/SEK,1000000,9.3248,1,,9.3248,9.3248
USD/SEK,5000000,9.3249,1,1,9.3249,9.3249
USD/SEK,6000000,9.325,1,1,9.325,9.325
WTI/USD,1000000,61.5841,0,1,61.5841,61.5841
WTI/USD,2000000,61.584,0,1,61.584,61.584
WTI/USD,2000000,61.5839,0,,61.5839,61.5839
WTI/USD,2000000,61.5838,0,,61.5838,61.5838
WTI/USD,1000000,61.5837,0,3,61.5837,61.5837
WTI/USD,5000000,61.5836,0,3,61.5836,61.5836
WTI/USD,3000000,61.5843,1,3,61.5843,61.5843
WTI/USD,6000000,61.5844,1,1,61.5844,61.5844
WTI/USD,4000000,61.5845,1,1,61.5845,61.5845
WTI/USD,5000000,61.5846,1,2,61.5846,61.5846
WTI/USD,5000000,61.5847,1,3,61.5847,61.5847
WTI/USD,2000000,61.5848,1,1,61.5848,61.5848
AUD/NZD,5000000,1.0399,0,,1.0399,1.0399
AUD/NZD,6000000,1.0398,0,2,1.0398,1.0398
AUD/NZD,4000000,1.0397,0,3,1.0397,1.0397
AUD/NZD,3000000,1.0396,0,1,1.0396,1.0396
AUD/NZD,2000000,1.0395,0,3,1.0395,1.0395
AUD/NZD,3000000,1.0394,0,2,1.0394,1.0394
AUD/NZD,5000000,1.0401,1,,1.0401,1.0401
AUD/NZD,5000000,1.0402,1,2,1.0402,1.0402
AUD/NZD,2000000,1.0403,1,,1.0403,1.0403
AUD/NZD,5000000,1.0404,1,2,1.0404,1.0404
AUD/NZD,4000000,1.0405,1,2,1.0405,1.0405
AUD/NZD,5000000,1.0406,1,3,1.0406,1.0406
CAD/CHF,5000000,0.7412,0,2,0.7412,0.7412
CAD/CHF,1000000,0.7411,0,3,0.7411,0.7411
CAD/CHF,3000000,0.741,0,3,0.741,0.741
CAD/CHF,6000000,0.7409,0,3,0.7409,0.7409
CAD/CHF,3000000,0.7408,0,3,0.7408,0.7408
CAD/CHF,3000000,0.7407,0,3,0.7407,0.7407
CAD/CHF,1000000,0.7414,1,1,0.7414,0.7414
CAD/CHF,2000000,0.7415,1,,0.7415,0.7415
CAD/CHF,3000000,0.7416,1,2,0.7416,0.7416
CAD/CHF,4000000,0.7417,1,,0.7417,0.7417
CAD/CHF,3000000,0.7418,1,3,0.7418,0.7418
CAD/CHF,4000000,0.7419,1,,0.7419,0.7419
EUR/DKK,1000000,7.4696,0,2,7.4696,7.4696
EUR/DKK,4000000,7.4695,0,3,7.4695,7.4695
EUR/DKK,6000000,7.4694,0,,7.4694,7.4694
EUR/DKK,3000000,7.4693,0,,7.4693,7.4693
EUR/DKK,3000000,7.4692,0,3,7.4692,7.4692
EUR/DKK,5000000,7.4691,0,,7.4691,7.4691
EUR/DKK,1000000,7.4698,1,3,7.4698,7.4698
EUR/DKK,1000000,7.4699,1,2,7.4699,7.4699
EUR/DKK,6000000,7.47,1,3,7.47,7.47
EUR/DKK,6000000,7.4701,1,3,7.4701,7.4701
EUR/DKK,1000000,7.4702,1,3,7.4702,7.4702
EUR/DKK,3000000,7.4703,1,,7.4703,7.4703
EUR/NOK,3000000,9.8659,0,3,9.8659,9.8659
EUR/NOK,6000000,9.8658,0,2,9.8658,9.8658
EUR/NOK,2000000,9.8657,0,1,9.8657,9.8657
EUR/NOK,6000000,9.8656,0,3,9.8656,9.8656
EUR/NOK,6000000,9.8655,0,,9.8655,9.8655
EUR/NOK,3000000,9.8654,0,2,9.8654,9.8654
EUR/NOK,3000000,9.8661,1,3,9.8661,9.8661
EUR/NOK,4000000,9.8662,1,3,9.8662,9.8662
EUR/NOK,4000000,9.8663,1,,9.8663,9.8663
EUR/NOK,5000000,9.8664,1,,9.8664,9.8664
EUR/NOK,3000000,9.8665,1,3,9.8665,9.8665
EUR/NOK,4000000,9.8666,1,2,9.8666,9.8666
EUR/TRY,3000000,6.6646,0,3,6.6646,6.6646
EUR/TRY,4000000,6.6645,0,,6.6645,6.6645
EUR/TRY,2000000,6.6644,0,,6.6644,6.6644
EUR/TRY,5000000,6.6643,0,2,6.6643,6.6643
EUR/TRY,2000000,6.6642,0,3,6.6642,6.6642
EUR/TRY,2000000,6.6641,0,,6.6641,6.6641
EUR/TRY,2000000,6.6648,1,,6.6648,6.6648
EUR/TRY,3000000,6.6649,1,2,6.6649,6.6649
EUR/TRY,2000000,6.665,1,3,6.665,6.665
EUR/TRY,2000000,6.6651,1,1,6.6651,6.6651
EUR/TRY,1000000,6.6652,1,,6.6652,6.6652
EUR/TRY,2000000,6.6653,1,,6.6653,6.6653
GBP/CAD,4000000,1.7129,0,3,1.7129,1.7129
GBP/CAD,1000000,1.7128,0,3,1.7128,1.7128
GBP/CAD,1000000,1.7127,0,2,1.7127,1.7127
GBP/CAD,4000000,1.7126,0,2,1.7126,1.7126
GBP/CAD,4000000,1.7125,0,,1.7125,1.7125
GBP/CAD,2000000,1.7124,0,1,1.7124,1.7124
GBP/CAD,2000000,1.7131,1,2,1.7131,1.7131
GBP/CAD,5000000,1.7132,1,1,1.7132,1.7132
GBP/CAD,4000000,1.7133,1,1,1.7133,1.7133
GBP/CAD,6000000,1.7134,1,2,1.7134,1.7134
GBP/CAD,6000000,1.7135,1,,1.7135,1.7135
GBP/CAD,6000000,1.7136,1,2,1.7136,1.7136
NSX/USD,6000000,8,722.69,0,8,8
NSX/USD,3000000,8,722.69,0,8,8
NSX/USD,5000000,8,722.69,0,8,8
NSX/USD,4000000,8,722.69,0,8,8
NSX/USD,6000000,8,722.69,0,8,8
NSX/USD,4000000,8,722.69,0,8,8
NSX/USD,5000000,8,722.69,1,8,8
NSX/USD,5000000,8,722.69,1,8,8
NSX/USD,5000000,8,722.69,1,8,8
NSX/USD,2000000,8,722.69,1,8,8
NSX/USD,2000000,8,722.69,1,8,8
NSX/USD,4000000,8,722.69,1,8,8
UKX/GBP,1000000,7,587.56,0,7,7
UKX/GBP,3000000,7,587.56,0,7,7
UKX/GBP,4000000,7,587.56,0,7,7
UKX/GBP,5000000,7,587.56,0,7,7
UKX/GBP,5000000,7,587.56,0,7,7
UKX/GBP,2000000,7,587.56,0,7,7
UKX/GBP,4000000,7,587.56,1,7,7
UKX/GBP,4000000,7,587.56,1,7,7
UKX/GBP,5000000,7,587.56,1,7,7
UKX/GBP,3000000,7,587.56,1,7,7
UKX/GBP,2000000,7,587.56,1,7,7
UKX/GBP,6000000,7,587.56,1,7,7
USD/DKK,3000000,6.6622,0,1,6.6622,6.6622
USD/DKK,5000000,6.6621,0,3,6.6621,6.6621
USD/DKK,6000000,6.662,0,1,6.662,6.662
USD/DKK,1000000,6.6619,0,1,6.6619,6.6619
USD/DKK,2000000,6.6618,0,1,6.6618,6.6618
USD/DKK,2000000,6.6617,0,1,6.6617,6.6617
USD/DKK,6000000,6.6624,1,1,6.6624,6.6624
USD/DKK,2000000,6.6625,1,,6.6625,6.6625
USD/DKK,6000000,6.6626,1,2,6.6626,6.6626
USD/DKK,2000000,6.6627,1,1,6.6627,6.6627
USD/DKK,6000000,6.6628,1,3,6.6628,6.6628
USD/DKK,1000000,6.6629,1,2,6.6629,6.6629
USD/SGD,3000000,1.3482,0,2,1.3482,1.3482
USD/SGD,3000000,1.3481,0,1,1.3481,1.3481
USD/SGD,2000000,1.348,0,1,1.348,1.348
USD/SGD,6000000,1.3479,0,,1.3479,1.3479
USD/SGD,5000000,1.3478,0,1,1.3478,1.3478
USD/SGD,5000000,1.3477,0,2,1.3477,1.3477
USD/SGD,2000000,1.3484,1,1,1.3484,1.3484
USD/SGD,2000000,1.3485,1,3,1.3485,1.3485
USD/SGD,5000000,1.3486,1,2,1.3486,1.3486
USD/SGD,2000000,1.3487,1,1,1.3487,1.3487
USD/SGD,5000000,1.3488,1,1,1.3488,1.3488
USD/SGD,6000000,1.3489,1,3,1.3489,1.3489
XAG/USD,1000000,17.9446,0,2,17.9446,17.9446
XAG/USD,5000000,17.9445,0,,17.9445,17.9445
XAG/USD,3000000,17.9444,0,,17.9444,17.9444
XAG/USD,4000000,17.9443,0,1,17.9443,17.9443
XAG/USD,6000000,17.9442,0,2,17.9442,17.9442
XAG/USD,3000000,17.9441,0,,17.9441,17.9441
XAG/USD,6000000,17.9448,1,,17.9448,17.9448
XAG/USD,5000000,17.9449,1,3,17.9449,17.9449
XAG/USD,1000000,17.945,1,1,17.945,17.945
XAG/USD,2000000,17.9451,1,2,17.9451,17.9451
XAG/USD,5000000,17.9452,1,2,17.9452,17.9452
XAG/USD,5000000,17.9453,1,3,17.9453,17.9453
JPY/USD,2000000,0.0091,0,2,0.0091,0.0091
JPY/USD,6000000,0.009,0,1,0.009,0.009
JPY/USD,3000000,0.0089,0,3,0.0089,0.0089
JPY/USD,3000000,0.0088,0,,0.0088,0.0088
JPY/USD,6000000,0.0087,0,1,0.0087,0.0087
JPY/USD,1000000,0.0086,0,,0.0086,0.0086
JPY/USD,2000000,0.0093,1,1,0.0093,0.0093
JPY/USD,1000000,0.0094,1,,0.0094,0.0094
JPY/USD,3000000,0.0095,1,3,0.0095,0.0095
JPY/USD,5000000,0.0096,1,1,0.0096,0.0096
JPY/USD,5000000,0.0097,1,3,0.0097,0.0097
JPY/USD,6000000,0.0098,1,2,0.0098,0.0098
CAD/USD,3000000,0.7657,0,1,0.7657,0.7657
CAD/USD,6000000,0.7656,0,3,0.7656,0.7656
CAD/USD,4000000,0.7655,0,,0.7655,0.7655
CAD/USD,5000000,0.7654,0,,0.7654,0.7654
CAD/USD,6000000,0.7653,0,3,0.7653,0.7653
CAD/USD,4000000,0.7652,0,1,0.7652,0.7652
CAD/USD,2000000,0.7659,1,1,0.7659,0.7659
CAD/USD,1000000,0.766,1,3,0.766,0.766
CAD/USD,3000000,0.7661,1,2,0.7661,0.7661
CAD/USD,1000000,0.7662,1,1,0.7662,0.7662
CAD/USD,6000000,0.7663,1,2,0.7663,0.7663
CAD/USD,5000000,0.7664,1,1,0.7664,0.7664
CHF/USD,6000000,1.0331,0,3,1.0331,1.0331
CHF/USD,4000000,1.033,0,3,1.033,1.033
CHF/USD,2000000,1.0329,0,,1.0329,1.0329
CHF/USD,3000000,1.0328,0,1,1.0328,1.0328
CHF/USD,4000000,1.0327,0,,1.0327,1.0327
CHF/USD,3000000,1.0326,0,2,1.0326,1.0326
CHF/USD,3000000,1.0333,1,3,1.0333,1.0333
CHF/USD,5000000,1.0334,1,2,1.0334,1.0334
CHF/USD,2000000,1.0335,1,2,1.0335,1.0335
CHF/USD,4000000,1.0336,1,1,1.0336,1.0336
CHF/USD,1000000,1.0337,1,2,1.0337,1.0337
CHF/USD,2000000,1.0338,1,1,1.0338,1.0338
USD/EUR,5000000,0.8919,0,3,0.8919,0.8919
USD/EUR,1000000,0.8918,0,1,0.8918,0.8918
USD/EUR,5000000,0.8917,0,,0.8917,0.8917
USD/EUR,1000000,0.8916,0,,0.8916,0.8916
USD/EUR,4000000,0.8915,0,,0.8915,0.8915
USD/EUR,4000000,0.8914,0,1,0.8914,0.8914
USD/EUR,6000000,0.8921,1,2,0.8921,0.8921
USD/EUR,3000000,0.8922,1,,0.8922,0.8922
USD/EUR,5000000,0.8923,1,3,0.8923,0.8923
USD/EUR,6000000,0.8924,1,1,0.8924,0.8924
USD/EUR,6000000,0.8925,1,3,0.8925,0.8925
USD/EUR,5000000,0.8926,1,2,0.8926,0.8926
JPY/EUR,4000000,0.0081,0,,0.0081,0.0081
JPY/EUR,2000000,0.008,0,,0.008,0.008
JPY/EUR,3000000,0.0079,0,2,0.0079,0.0079
JPY/EUR,2000000,0.0078,0,2,0.0078,0.0078
JPY/EUR,4000000,0.0077,0,3,0.0077,0.0077
JPY/EUR,5000000,0.0076,0,1,0.0076,0.0076
JPY/EUR,6000000,0.0083,1,2,0.0083,0.0083
JPY/EUR,4000000,0.0084,1,3,0.0084,0.0084
JPY/EUR,2000000,0.0085,1,2,0.0085,0.0085
JPY/EUR,6000000,0.0086,1,,0.0086,0.0086
JPY/EUR,3000000,0.0087,1,1,0.0087,0.0087
JPY/EUR,3000000,0.0088,1,3,0.0088,0.0088
GBP/EUR,2000000,1.1705,0,3,1.1705,1.1705
GBP/EUR,1000000,1.1704,0,,1.1704,1.1704
GBP/EUR,6000000,1.1703,0,3,1.1703,1.1703
GBP/EUR,6000000,1.1702,0,1,1.1702,1.1702
GBP/EUR,1000000,1.1701,0,2,1.1701,1.1701
GBP/EUR,3000000,1.17,0,1,1.17,1.17
GBP/EUR,2000000,1.1707,1,1,1.1707,1.1707
GBP/EUR,2000000,1.1708,1,2,1.1708,1.1708
GBP/EUR,2000000,1.1709,1,,1.1709,1.1709
GBP/EUR,4000000,1.171,1,3,1.171,1.171
GBP/EUR,5000000,1.1711,1,3,1.1711,1.1711
GBP/EUR,1000000,1.1712,1,,1.1712,1.1712
AUD/EUR,6000000,0.6244,0,,0.6244,0.6244
AUD/EUR,4000000,0.6243,0,2,0.6243,0.6243
AUD/EUR,2000000,0.6242,0,1,0.6242,0.6242
AUD/EUR,3000000,0.6241,0,2,0.6241,0.6241
AUD/EUR,3000000,0.624,0,,0.624,0.624
AUD/EUR,5000000,0.6239,0,2,0.6239,0.6239
AUD/EUR,4000000,0.6246,1,2,0.6246,0.6246
AUD/EUR,3000000,0.6247,1,,0.6247,0.6247
AUD/EUR,4000000,0.6248,1,3,0.6248,0.6248
AUD/EUR,3000000,0.6249,1,1,0.6249,0.6249
AUD/EUR,1000000,0.625,1,,0.625,0.625
AUD/EUR,1000000,0.6251,1,,0.6251,0.6251
CAD/EUR,4000000,0.6831,0,1,0.6831,0.6831
CAD/EUR,2000000,0.683,0,3,0.683,0.683
CAD/EUR,4000000,0.6829,0,1,0.6829,0.6829
CAD/EUR,1000000,0.6828,0,1,0.6828,0.6828
CAD/EUR,1000000,0.6827,0,1,0.6827,0.6827
CAD/EUR,5000000,0.6826,0,,0.6826,0.6826
CAD/EUR,6000000,0.6833,1,2,0.6833,0.6833
CAD/EUR,1000000,0.6834,1,1,0.6834,0.6834
CAD/EUR,3000000,0.6835,1,3,0.6835,0.6835
CAD/EUR,5000000,0.6836,1,1,0.6836,0.6836
CAD/EUR,4000000,0.6837,1,2,0.6837,0.6837
CAD/EUR,1000000,0.6838,1,1,0.6838,0.6838
CHF/EUR,6000000,0.9214,0,2,0.9214,0.9214
CHF/EUR,2000000,0.9213,0,1,0.9213,0.9213
CHF/EUR,3000000,0.9212,0,3,0.9212,0.9212
CHF/EUR,1000000,0.9211,0,3,0.9211,0.9211
CHF/EUR,6000000,0.921,0,3,0.921,0.921
CHF/EUR,2000000,0.9209,0,3,0.9209,0.9209
CHF/EUR,5000000,0.9216,1,,0.9216,0.9216
CHF/EUR,5000000,0.9217,1,2,0.9217,0.9217
CHF/EUR,2000000,0.9218,1,,0.9218,0.9218
CHF/EUR,3000000,0.9219,1,1,0.9219,0.9219
CHF/EUR,6000000,0.922,1,3,0.922,0.922
CHF/EUR,1000000,0.9221,1,2,0.9221,0.9221
NZD/EUR,4000000,0.6002,0,1,0.6002,0.6002
NZD/EUR,4000000,0.6001,0,2,0.6001,0.6001
NZD/EUR,2000000,0.6,0,,0.6,0.6
NZD/EUR,5000000,0.5999,0,,0.5999,0.5999
NZD/EUR,5000000,0.5998,0,2,0.5998,0.5998
NZD/EUR,1000000,0.5997,0,2,0.5997,0.5997
NZD/EUR,4000000,0.6004,1,2,0.6004,0.6004
NZD/EUR,5000000,0.6005,1,,0.6005,0.6005
NZD/EUR,6000000,0.6006,1,3,0.6006,0.6006
NZD/EUR,1000000,0.6007,1,,0.6007,0.6007
NZD/EUR,2000000,0.6008,1,1,0.6008,0.6008
NZD/EUR,3000000,0.6009,1,,0.6009,0.6009
USD/GBP,5000000,0.7619,0,3,0.7619,0.7619
USD/GBP,1000000,0.7618,0,2,0.7618,0.7618
USD/GBP,6000000,0.7617,0,2,0.7617,0.7617
USD/GBP,6000000,0.7616,0,1,0.7616,0.7616
USD/GBP,1000000,0.7615,0,2,0.7615,0.7615
USD/GBP,2000000,0.7614,0,,0.7614,0.7614
USD/GBP,2000000,0.7621,1,2,0.7621,0.7621
USD/GBP,1000000,0.7622,1,,0.7622,0.7622
USD/GBP,1000000,0.7623,1,1,0.7623,0.7623
USD/GBP,5000000,0.7624,1,,0.7624,0.7624
USD/GBP,5000000,0.7625,1,2,0.7625,0.7625
USD/GBP,4000000,0.7626,1,3,0.7626,0.7626
JPY/GBP,2000000,0.0069,0,1,0.0069,0.0069
JPY/GBP,6000000,0.0068,0,3,0.0068,0.0068
JPY/GBP,3000000,0.0067,0,,0.0067,0.0067
JPY/GBP,4000000,0.0066,0,1,0.0066,0.0066
JPY/GBP,4000000,0.0065,0,1,0.0065,0.0065
JPY/GBP,1000000,0.0064,0,3,0.0064,0.0064
JPY/GBP,6000000,0.0071,1,,0.0071,0.0071
JPY/GBP,1000000,0.0072,1,1,0.0072,0.0072
JPY/GBP,5000000,0.0073,1,,0.0073,0.0073
JPY/GBP,1000000,0.0074,1,2,0.0074,0.0074
JPY/GBP,5000000,0.0075,1,1,0.0075,0.0075
JPY/GBP,5000000,0.0076,1,1,0.0076,0.0076
AUD/GBP,2000000,0.5334,0,3,0.5334,0.5334
AUD/GBP,4000000,0.5333,0,1,0.5333,0.5333
AUD/GBP,6000000,0.5332,0,3,0.5332,0.5332
AUD/GBP,4000000,0.5331,0,,0.5331,0.5331
AUD/GBP,4000000,0.533,0,1,0.533,0.533
AUD/GBP,5000000,0.5329,0,1,0.5329,0.5329
AUD/GBP,1000000,0.5336,1,2,0.5336,0.5336
AUD/GBP,6000000,0.5337,1,3,0.5337,0.5337
AUD/GBP,2000000,0.5338,1,,0.5338,0.5338
AUD/GBP,5000000,0.5339,1,2,0.5339,0.5339
AUD/GBP,1000000,0.534,1,3,0.534,0.534
AUD/GBP,4000000,0.5341,1,,0.5341,0.5341
CAD/GBP,1000000,0.5837,0,,0.5837,0.5837
CAD/GBP,4000000,0.5836,0,2,0.5836,0.5836
CAD/GBP,6000000,0.5835,0,2,0.5835,0.5835
CAD/GBP,4000000,0.5834,0,3,0.5834,0.5834
CAD/GBP,5000000,0.5833,0,1,0.5833,0.5833
CAD/GBP,6000000,0.5832,0,1,0.5832,0.5832
CAD/GBP,5000000,0.5839,1,2,0.5839,0.5839
CAD/GBP,4000000,0.584,1,,0.584,0.584
CAD/GBP,1000000,0.5841,1,,0.5841,0.5841
CAD/GBP,2000000,0.5842,1,1,0.5842,0.5842
CAD/GBP,2000000,0.5843,1,2,0.5843,0.5843
CAD/GBP,5000000,0.5844,1,,0.5844,0.5844
CHF/GBP,1000000,0.7872,0,3,0.7872,0.7872
CHF/GBP,5000000,0.7871,0,3,0.7871,0.7871
CHF/GBP,2000000,0.787,0,1,0.787,0.787
CHF/GBP,4000000,0.7869,0,3,0.7869,0.7869
CHF/GBP,2000000,0.7868,0,,0.7868,0.7868
CHF/GBP,1000000,0.7867,0,2,0.7867,0.7867
CHF/GBP,6000000,0.7874,1,1,0.7874,0.7874
CHF/GBP,3000000,0.7875,1,,0.7875,0.7875
CHF/GBP,4000000,0.7876,1,2,0.7876,0.7876
CHF/GBP,5000000,0.7877,1,,0.7877,0.7877
CHF/GBP,2000000,0.7878,1,2,0.7878,0.7878
CHF/GBP,4000000,0.7879,1,,0.7879,0.7879
NZD/GBP,3000000,0.5129,0,,0.5129,0.5129
NZD/GBP,1000000,0.5128,0,,0.5128,0.5128
NZD/GBP,1000000,0.5127,0,1,0.5127,0.5127
NZD/GBP,6000000,0.5126,0,1,0.5126,0.5126
NZD/GBP,1000000,0.5125,0,2,0.5125,0.5125
NZD/GBP,5000000,0.5124,0,3,0.5124,0.5124
NZD/GBP,2000000,0.5131,1,1,0.5131,0.5131
NZD/GBP,4000000,0.5132,1,3,0.5132,0.5132
NZD/GBP,6000000,0.5133,1,,0.5133,0.5133
NZD/GBP,6000000,0.5134,1,2,0.5134,0.5134
NZD/GBP,2000000,0.5135,1,3,0.5135,0.5135
NZD/GBP,5000000,0.5136,1,1,0.5136,0.5136
USD/AUD,5000000,1.4284,0,3,1.4284,1.4284
USD/AUD,5000000,1.4283,0,2,1.4283,1.4283
USD/AUD,5000000,1.4282,0,2,1.4282,1.4282
USD/AUD,4000000,1.4281,0,3,1.4281,1.4281
USD/AUD,2000000,1.428,0,,1.428,1.428
USD/AUD,6000000,1.4279,0,1,1.4279,1.4279
USD/AUD,6000000,1.4286,1,,1.4286,1.4286
USD/AUD,1000000,1.4287,1,,1.4287,1.4287
USD/AUD,4000000,1.4288,1,,1.4288,1.4288
USD/AUD,3000000,1.4289,1,1,1.4289,1.4289
USD/AUD,2000000,1.429,1,3,1.429,1.429
USD/AUD,2000000,1.4291,1,1,1.4291,1.4291
JPY/AUD,1000000,0.013,0,,0.013,0.013
JPY/AUD,3000000,0.0129,0,2,0.0129,0.0129
JPY/AUD,4000000,0.0128,0,3,0.0128,0.0128
JPY/AUD,5000000,0.0127,0,3,0.0127,0.0127
JPY/AUD,6000000,0.0126,0,3,0.0126,0.0126
JPY/AUD,2000000,0.0125,0,,0.0125,0.0125
JPY/AUD,6000000,0.0132,1,1,0.0132,0.0132
JPY/AUD,2000000,0.0133,1,1,0.0133,0.0133
JPY/AUD,5000000,0.0134,1,1,0.0134,0.0134
JPY/AUD,5000000,0.0135,1,2,0.0135,0.0135
JPY/AUD,5000000,0.0136,1,3,0.0136,0.0136
JPY/AUD,4000000,0.0137,1,1,0.0137,0.0137
CAD/AUD,1000000,1.094,0,3,1.094,1.094
CAD/AUD,5000000,1.0939,0,2,1.0939,1.0939
CAD/AUD,1000000,1.0938,0,2,1.0938,1.0938
CAD/AUD,6000000,1.0937,0,1,1.0937,1.0937
CAD/AUD,1000000,1.0936,0,,1.0936,1.0936
CAD/AUD,6000000,1.0935,0,1,1.0935,1.0935
CAD/AUD,3000000,1.0942,1,,1.0942,1.0942
CAD/AUD,2000000,1.0943,1,3,1.0943,1.0943
CAD/AUD,6000000,1.0944,1,,1.0944,1.0944
CAD/AUD,5000000,1.0945,1,1,1.0945,1.0945
CAD/AUD,2000000,1.0946,1,1,1.0946,1.0946
CAD/AUD,3000000,1.0947,1,2,1.0947,1.0947
CHF/AUD,5000000,1.4758,0,1,1.4758,1.4758
CHF/AUD,5000000,1.4757,0,3,1.4757,1.4757
CHF/AUD,5000000,1.4756,0,,1.4756,1.4756
CHF/AUD,5000000,1.4755,0,2,1.4755,1.4755
CHF/AUD,4000000,1.4754,0,3,1.4754,1.4754
CHF/AUD,5000000,1.4753,0,,1.4753,1.4753
CHF/AUD,3000000,1.476,1,1,1.476,1.476
CHF/AUD,6000000,1.4761,1,1,1.4761,1.4761
CHF/AUD,2000000,1.4762,1,,1.4762,1.4762
CHF/AUD,6000000,1.4763,1,,1.4763,1.4763
CHF/AUD,4000000,1.4764,1,,1.4764,1.4764
CHF/AUD,2000000,1.4765,1,,1.4765,1.4765
NZD/AUD,6000000,0.9614,0,2,0.9614,0.9614
NZD/AUD,6000000,0.9613,0,1,0.9613,0.9613
NZD/AUD,4000000,0.9612,0,2,0.9612,0.9612
NZD/AUD,2000000,0.9611,0,3,0.9611,0.9611
NZD/AUD,4000000,0.961,0,3,0.961,0.961
NZD/AUD,3000000,0.9609,0,,0.9609,0.9609
NZD/AUD,4000000,0.9616,1,,0.9616,0.9616
NZD/AUD,4000000,0.9617,1,3,0.9617,0.9617
NZD/AUD,5000000,0.9618,1,3,0.9618,0.9618
NZD/AUD,2000000,0.9619,1,3,0.9619,0.9619
NZD/AUD,2000000,0.962,1,3,0.962,0.962
NZD/AUD,3000000,0.9621,1,2,0.9621,0.9621
JPY/CAD,5000000,0.0119,0,2,0.0119,0.0119
JPY/CAD,1000000,0.0118,0,,0.0118,0.0118
JPY/CAD,3000000,0.0117,0,1,0.0117,0.0117
JPY/CAD,4000000,0.0116,0,2,0.0116,0.0116
JPY/CAD,4000000,0.0115,0,1,0.0115,0.0115
JPY/CAD,6000000,0.0114,0,2,0.0114,0.0114
JPY/CAD,2000000,0.0121,1,1,0.0121,0.0121
JPY/CAD,6000000,0.0122,1,1,0.0122,0.0122
JPY/CAD,1000000,0.0123,1,3,0.0123,0.0123
JPY/CAD,3000000,0.0124,1,2,0.0124,0.0124
JPY/CAD,5000000,0.0125,1,1,0.0125,0.0125
JPY/CAD,4000000,0.0126,1,3,0.0126,0.0126
CHF/CAD,6000000,1.349,0,2,1.349,1.349
CHF/CAD,5000000,1.3489,0,,1.3489,1.3489
CHF/CAD,2000000,1.3488,0,1,1.3488,1.3488
CHF/CAD,4000000,1.3487,0,3,1.3487,1.3487
CHF/CAD,3000000,1.3486,0,2,1.3486,1.3486
CHF/CAD,6000000,1.3485,0,2,1.3485,1.3485
CHF/CAD,2000000,1.3492,1,,1.3492,1.3492
CHF/CAD,6000000,1.3493,1,3,1.3493,1.3493
CHF/CAD,5000000,1.3494,1,2,1.3494,1.3494
CHF/CAD,4000000,1.3495,1,1,1.3495,1.3495
CHF/CAD,3000000,1.3496,1,3,1.3496,1.3496
CHF/CAD,1000000,1.3497,1,1,1.3497,1.3497
JPY/CHF,3000000,0.0088,0,3,0.0088,0.0088
JPY/CHF,1000000,0.0087,0,1,0.0087,0.0087
JPY/CHF,4000000,0.0086,0,2,0.0086,0.0086
JPY/CHF,5000000,0.0085,0,1,0.0085,0.0085
JPY/CHF,3000000,0.0084,0,1,0.0084,0.0084
JPY/CHF,3000000,0.0083,0,3,0.0083,0.0083
JPY/CHF,2000000,0.009,1,2,0.009,0.009
JPY/CHF,2000000,0.0091,1,,0.0091,0.0091
JPY/CHF,4000000,0.0092,1,1,0.0092,0.0092
JPY/CHF,6000000,0.0093,1,3,0.0093,0.0093
JPY/CHF,2000000,0.0094,1,,0.0094,0.0094
JPY/CHF,5000000,0.0095,1,,0.0095,0.0095
USD/NZD,1000000,1.4856,0,1,1.4856,1.4856
USD/NZD,6000000,1.4855,0,1,1.4855,1.4855
USD/NZD,5000000,1.4854,0,1,1.4854,1.4854
USD/NZD,5000000,1.4853,0,3,1.4853,1.4853
USD/NZD,1000000,1.4852,0,,1.4852,1.4852
USD/NZD,2000000,1.4851,0,1,1.4851,1.4851
USD/NZD,3000000,1.4858,1,2,1.4858,1.4858
USD/NZD,2000000,1.4859,1,1,1.4859,1.4859
USD/NZD,6000000,1.486,1,3,1.486,1.486
USD/NZD,2000000,1.4861,1,,1.4861,1.4861
USD/NZD,1000000,1.4862,1,,1.4862,1.4862
USD/NZD,1000000,1.4863,1,2,1.4863,1.4863
JPY/NZD,2000000,0.0135,0,3,0.0135,0.0135
JPY/NZD,4000000,0.0134,0,1,0.0134,0.0134
JPY/NZD,3000000,0.0133,0,1,0.0133,0.0133
JPY/NZD,4000000,0.0132,0,3,0.0132,0.0132
JPY/NZD,1000000,0.0131,0,3,0.0131,0.0131
JPY/NZD,3000000,0.013,0,2,0.013,0.013
JPY/NZD,4000000,0.0137,1,3,0.0137,0.0137
JPY/NZD,6000000,0.0138,1,3,0.0138,0.0138
JPY/NZD,6000000,0.0139,1,3,0.0139,0.0139
JPY/NZD,5000000,0.014,1,3,0.014,0.014
JPY/NZD,3000000,0.0141,1,1,0.0141,0.0141
JPY/NZD,2000000,0.0142,1,,0.0142,0.0142
CAD/NZD,1000000,1.138,0,3,1.138,1.138
CAD/NZD,6000000,1.1379,0,,1.1379,1.1379
CAD/NZD,2000000,1.1378,0,1,1.1378,1.1378
CAD/NZD,1000000,1.1377,0,2,1.1377,1.1377
CAD/NZD,4000000,1.1376,0,,1.1376,1.1376
CAD/NZD,6000000,1.1375,0,1,1.1375,1.1375
CAD/NZD,4000000,1.1382,1,2,1.1382,1.1382
CAD/NZD,2000000,1.1383,1,2,1.1383,1.1383
CAD/NZD,2000000,1.1384,1,2,1.1384,1.1384
CAD/NZD,2000000,1.1385,1,2,1.1385,1.1385
CAD/NZD,3000000,1.1386,1,3,1.1386,1.1386
CAD/NZD,4000000,1.1387,1,3,1.1387,1.1387
CHF/NZD,6000000,1.5349,0,,1.5349,1.5349
CHF/NZD,2000000,1.5348,0,,1.5348,1.5348
CHF/NZD,1000000,1.5347,0,2,1.5347,1.5347
CHF/NZD,3000000,1.5346,0,1,1.5346,1.5346
CHF/NZD,4000000,1.5345,0,2,1.5345,1.5345
CHF/NZD,5000000,1.5344,0,,1.5344,1.5344
CHF/NZD,3000000,1.5351,1,3,1.5351,1.5351
CHF/NZD,5000000,1.5352,1,3,1.5352,1.5352
CHF/NZD,2000000,1.5353,1,2,1.5353,1.5353
CHF/NZD,3000000,1.5354,1,3,1.5354,1.5354
CHF/NZD,3000000,1.5355,1,1,1.5355,1.5355
CHF/NZD,6000000,1.5356,1,3,1.5356,1.5356
